0x0040,0x0000,0,0,OK
0x0041,0x0000,0,0,OK
0x0042,0x0000,0,0,OK
0x0043,0x001F,31,31,OK
0x0044,0x0136,310,310,OK
0x0045,0x0000,0,0,OK
0x0046,0x0000,0,0,OK
0x0047,0x0000,0,0,OK
0x0048,0x0000,0,0,OK
0x0049,0x0000,0,0,OK
0x004A,0x0000,0,0,OK
0x004B,0x0000,0,0,OK
0x004C,0x0000,0,0,OK
0x004D,0x0000,0,0,OK
0x004E,0x0000,0,0,OK
0x004F,0x0000,0,0,OK
0x0050,0x0000,0,0,OK
0x0051,0x0000,0,0,OK
0x0052,0x0404,1028,1028,OK
0x0053,0x0404,1028,1028,OK
0x0054,0x0303,771,771,OK
0x0055,0x0000,0,0,OK
0x0056,0x0000,0,0,OK
0x0057,0x0000,0,0,OK
0x0058,0x0000,0,0,OK
0x0059,0x0000,0,0,OK
0x005A,0x0000,0,0,OK
0x005B,0x0000,0,0,OK
0x005C,0x0000,0,0,OK
0x005D,0x0000,0,0,OK
0x005E,0x0000,0,0,OK
0x005F,0x0000,0,0,OK
0x0060,0x0000,0,0,OK
0x0061,0x0000,0,0,OK
0x0062,0x0000,0,0,OK
0x0063,0x0000,0,0,OK
0x0064,0x0000,0,0,OK
0x0065,0x0000,0,0,OK
0x0066,0x0000,0,0,OK
0x0067,0x0000,0,0,OK
0x0068,0x0000,0,0,OK
0x0069,0x0000,0,0,OK
0x006A,0x0000,0,0,OK
0x006B,0x0000,0,0,OK
0x006C,0x0000,0,0,OK
0x006D,0x0000,0,0,OK
0x006E,0x0000,0,0,OK
0x006F,0x0000,0,0,OK
0x0070,0x0000,0,0,OK
0x0071,0x0000,0,0,OK
0x0072,0x0000,0,0,OK
0x0073,0x0000,0,0,OK
0x0074,0x0000,0,0,OK
0x0075,0x0000,0,0,OK
0x0076,0x0000,0,0,OK
0x0077,0x0000,0,0,OK
0x0078,0x0000,0,0,OK
0x0079,0x0000,0,0,OK
0x007A,0x0000,0,0,OK
0x007B,0x0000,0,0,OK
0x007C,0x0000,0,0,OK
0x007D,0x0000,0,0,OK
0x007E,0x0000,0,0,OK
0x007F,0x0000,0,0,OK
0x0400,0x3FFF,16383,16383,OK
0x0401,0xFFC1,65473,-63,OK
0x0402,0x0581,1409,1409,OK
0x0403,0xFFFF,65535,-1,OK
0x0404,0x0002,2,2,OK
0x0405,0x0000,0,0,OK
0x0406,0x0000,0,0,OK
0x0407,0x0000,0,0,OK
0x0408,0x0000,0,0,OK
0x0409,0x0000,0,0,OK
0x040A,0x0000,0,0,OK
0x040B,0x0100,256,256,OK
0x040C,0x0000,0,0,OK
0x040D,0x0000,0,0,OK
0x040E,0x0000,0,0,OK
0x040F,0x0000,0,0,OK
0x0410,0x0000,0,0,OK
0x0411,0x0000,0,0,OK
0x0412,0x0000,0,0,OK
0x0413,0x0000,0,0,OK
0x0414,0x0000,0,0,OK
0x0415,0x0000,0,0,OK
0x0416,0x0000,0,0,OK
0x0417,0x0000,0,0,OK
0x0418,0x0030,48,48,OK
0x0419,0x0000,0,0,OK
0x041A,0x0025,37,37,OK
0x041B,0x0000,0,0,OK
0x041C,0x0000,0,0,OK
0x041D,0x0000,0,0,OK
0x041E,0x0000,0,0,OK
0x041F,0x0000,0,0,OK
0x0420,0x0029,41,41,OK
0x0421,0x0000,0,0,OK
0x0422,0x0000,0,0,OK
0x0423,0x0000,0,0,OK
0x0424,0x0000,0,0,OK
0x0425,0x0000,0,0,OK
0x0426,0x03A8,936,936,OK
0x0427,0x0000,0,0,OK
0x0428,0x4B5A,19290,19290,OK
0x0429,0x0000,0,0,OK
0x042A,0x6C31,27697,27697,OK
0x042B,0x01ED,493,493,OK
0x042C,0x001A,26,26,OK
0x042D,0x0003,3,3,OK
0x042E,0x001B,27,27,OK
0x042F,0x0010,16,16,OK
0x0430,0x0034,52,52,OK
0x0431,0x0004,4,4,OK
0x0432,0x0000,0,0,OK
0x0433,0x0000,0,0,OK
0x0434,0x0000,0,0,OK
0x0435,0x0000,0,0,OK
0x0436,0x0000,0,0,OK
0x0437,0x0000,0,0,OK
0x0438,0x0000,0,0,OK
0x0439,0x0000,0,0,OK
0x043A,0x0000,0,0,OK
0x043B,0x0000,0,0,OK
0x043C,0x0000,0,0,OK
0x043D,0x0000,0,0,OK
0x043E,0x0000,0,0,OK
0x043F,0x0000,0,0,OK
0x0440,0x0000,0,0,OK
0x0441,0x0000,0,0,OK
0x0442,0x1FFF,8191,8191,OK
0x0443,0xEFEF,61423,-4113,OK
0x0444,0x1234,4660,4660,OK
0x0445,0x5350,21328,21328,OK
0x0446,0x3245,12869,12869,OK
0x0447,0x5331,21297,21297,OK
0x0448,0x3130,12592,12592,OK
0x0449,0x4E39,20025,20025,OK
0x044A,0x3530,13616,13616,OK
0x044B,0x3234,12852,12852,OK
0x044C,0x0000,0,0,OK
0x044D,0x5630,22064,22064,OK
0x044E,0x3031,12337,12337,OK
0x044F,0x3056,12374,12374,OK
0x0450,0x3132,12594,12594,OK
0x0451,0x3030,12336,12336,OK
0x0452,0x3035,12341,12341,OK
0x0453,0x3056,12374,12374,OK
0x0454,0x3132,12594,12594,OK
0x0455,0x3030,12336,12336,OK
0x0456,0x3035,12341,12341,OK
0x0457,0x3056,12374,12374,OK
0x0458,0x3132,12594,12594,OK
0x0459,0x3030,12336,12336,OK
0x045A,0x3035,12341,12341,OK
0x045B,0x3036,12342,12342,OK
0x045C,0x3038,12344,12344,OK
0x045D,0x0000,0,0,OK
0x045E,0x0000,0,0,OK
0x045F,0x0000,0,0,OK
0x0460,0x3056,12374,12374,OK
0x0461,0x3030,12336,12336,OK
0x0462,0x3030,12336,12336,OK
0x0463,0x3031,12337,12337,OK
0x0464,0x5633,22067,22067,OK
0x0465,0x2E30,11824,11824,OK
0x0466,0x0000,0,0,OK
0x0467,0x0000,0,0,OK
0x0468,0x0000,0,0,OK
0x0469,0x0000,0,0,OK
0x046A,0x0000,0,0,OK
0x046B,0x0000,0,0,OK
0x046C,0x0000,0,0,OK
0x046D,0x0000,0,0,OK
0x046E,0x0000,0,0,OK
0x046F,0x0000,0,0,OK
0x0470,0x0000,0,0,OK
0x0471,0x0000,0,0,OK
0x0472,0x0000,0,0,OK
0x0473,0x0000,0,0,OK
0x0474,0x0000,0,0,OK
0x0475,0x0000,0,0,OK
0x0476,0x0000,0,0,OK
0x0477,0x0000,0,0,OK
0x0478,0x0000,0,0,OK
0x0479,0x0000,0,0,OK
0x047A,0x0000,0,0,OK
0x047B,0x0000,0,0,OK
0x047C,0x0000,0,0,OK
0x047D,0x0000,0,0,OK
0x047E,0x0000,0,0,OK
0x047F,0x0000,0,0,OK
0x0480,0x0000,0,0,OK
0x0481,0xC338,49976,-15560,OK
0x0482,0x670C,26380,26380,OK
0x0483,0xE17F,57727,-7809,OK
0x0484,0x1386,4998,4998,OK
0x0485,0x0009,9,9,OK
0x0486,0x0000,0,0,OK
0x0487,0x0000,0,0,OK
0x0488,0x0007,7,7,OK
0x0489,0x0000,0,0,OK
0x048A,0x0000,0,0,OK
0x048B,0x0000,0,0,OK
0x048C,0x0000,0,0,OK
0x048D,0x08F4,2292,2292,OK
0x048E,0x007C,124,124,OK
0x048F,0x0002,2,2,OK
0x0490,0x0000,0,0,OK
0x0491,0x0000,0,0,OK
0x0492,0x0000,0,0,OK
0x0493,0x0002,2,2,OK
0x0494,0x0000,0,0,OK
0x0495,0x0000,0,0,OK
0x0496,0x0000,0,0,OK
0x0497,0x0000,0,0,OK
0x0498,0x08E8,2280,2280,OK
0x0499,0x007E,126,126,OK
0x049A,0x0003,3,3,OK
0x049B,0x0000,0,0,OK
0x049C,0x0000,0,0,OK
0x049D,0x0000,0,0,OK
0x049E,0x0003,3,3,OK
0x049F,0x0000,0,0,OK
0x04A0,0x0000,0,0,OK
0x04A1,0x0000,0,0,OK
0x04A2,0x0000,0,0,OK
0x04A3,0x08EA,2282,2282,OK
0x04A4,0x007C,124,124,OK
0x04A5,0x0002,2,2,OK
0x04A6,0x0000,0,0,OK
0x04A7,0x0000,0,0,OK
0x04A8,0x0000,0,0,OK
0x04A9,0x0002,2,2,OK
0x04AA,0x0000,0,0,OK
0x04AB,0x0000,0,0,OK
0x04AC,0x0000,0,0,OK
0x04AD,0x0000,0,0,OK
0x04AE,0x0000,0,0,OK
0x04AF,0x0002,2,2,OK
0x04B0,0x0000,0,0,OK
0x04B1,0x0000,0,0,OK
0x04B2,0x0000,0,0,OK
0x04B3,0x0000,0,0,OK
0x04B4,0x0000,0,0,OK
0x04B5,0x0000,0,0,OK
0x04B6,0x0000,0,0,OK
0x04B7,0x0000,0,0,OK
0x04B8,0x0000,0,0,OK
0x04B9,0x0000,0,0,OK
0x04BA,0x0000,0,0,OK
0x04BB,0x0000,0,0,OK
0x04BC,0x0000,0,0,OK
0x04BD,0xFC18,64536,-1000,OK
0x04BE,0x0000,0,0,OK
0x04BF,0x0000,0,0,OK
0x0500,0x0000,0,0,OK
0x0501,0x0001,1,1,OK
0x0502,0x1D1D,7453,7453,OK
0x0503,0x1C9F,7327,7327,OK
0x0504,0x0000,0,0,OK
0x0505,0x0000,0,0,OK
0x0506,0x0000,0,0,OK
0x0507,0x1388,5000,5000,OK
0x0508,0x0000,0,0,OK
0x0509,0x0000,0,0,OK
0x050A,0x08D6,2262,2262,OK
0x050B,0x0015,21,21,OK
0x050C,0x0000,0,0,OK
0x050D,0x0000,0,0,OK
0x050E,0x0000,0,0,OK
0x050F,0x0000,0,0,OK
0x0510,0x08CD,2253,2253,OK
0x0511,0x0000,0,0,OK
0x0512,0x08DA,2266,2266,OK
0x0513,0x0015,21,21,OK
0x0514,0x0000,0,0,OK
0x0515,0x0000,0,0,OK
0x0516,0x0000,0,0,OK
0x0517,0x0000,0,0,OK
0x0518,0x08D4,2260,2260,OK
0x0519,0x0000,0,0,OK
0x051A,0x08D9,2265,2265,OK
0x051B,0x0015,21,21,OK
0x051C,0x0000,0,0,OK
0x051D,0x0000,0,0,OK
0x051E,0x0000,0,0,OK
0x051F,0x0000,0,0,OK
0x0520,0x08C8,2248,2248,OK
0x0521,0x0000,0,0,OK
0x0522,0x0000,0,0,OK
0x0523,0x0000,0,0,OK
0x0524,0x0000,0,0,OK
0x0525,0x0000,0,0,OK
0x0526,0x0000,0,0,OK
0x0527,0x0000,0,0,OK
0x0528,0x0000,0,0,OK
0x0529,0x0000,0,0,OK
0x052A,0x0000,0,0,OK
0x052B,0x0000,0,0,OK
0x052C,0x0000,0,0,OK
0x052D,0x0000,0,0,OK
0x052E,0x0000,0,0,OK
0x052F,0x0000,0,0,OK
0x0530,0x0000,0,0,OK
0x0531,0x0000,0,0,OK
0x0532,0x0000,0,0,OK
0x0533,0x0000,0,0,OK
0x0534,0x0000,0,0,OK
0x0535,0x0000,0,0,OK
0x0536,0x0000,0,0,OK
0x0537,0x0000,0,0,OK
0x0538,0x0000,0,0,OK
0x0539,0x0000,0,0,OK
0x053A,0x0000,0,0,OK
0x053B,0x0000,0,0,OK
0x053C,0x0000,0,0,OK
0x053D,0x0000,0,0,OK
0x053E,0x0000,0,0,OK
0x053F,0x0000,0,0,OK
0x0580,0x0000,0,0,OK
0x0581,0x0000,0,0,OK
0x0582,0x0000,0,0,OK
0x0583,0x03FF,1023,1023,OK
0x0584,0x0000,0,0,OK
0x0585,0x0000,0,0,OK
0x0586,0x0000,0,0,OK
0x0587,0x0000,0,0,OK
0x0588,0x0000,0,0,OK
0x0589,0x0000,0,0,OK
0x058A,0x0000,0,0,OK
0x058B,0x0000,0,0,OK
0x058C,0x0000,0,0,OK
0x058D,0x0000,0,0,OK
0x058E,0x0000,0,0,OK
0x058F,0x0000,0,0,OK
0x0590,0x0000,0,0,OK
0x0591,0x0000,0,0,OK
0x0592,0x0000,0,0,OK
0x0593,0x0000,0,0,OK
0x0594,0x0000,0,0,OK
0x0595,0x0000,0,0,OK
0x0596,0x0000,0,0,OK
0x0597,0x0000,0,0,OK
0x0598,0x0000,0,0,OK
0x0599,0x0000,0,0,OK
0x059A,0x0000,0,0,OK
0x059B,0x0000,0,0,OK
0x059C,0x0000,0,0,OK
0x059D,0x0000,0,0,OK
0x059E,0x0000,0,0,OK
0x059F,0x0000,0,0,OK
0x05A0,0x0000,0,0,OK
0x05A1,0x0000,0,0,OK
0x05A2,0x0000,0,0,OK
0x05A3,0x0000,0,0,OK
0x05A4,0x0000,0,0,OK
0x05A5,0x0000,0,0,OK
0x05A6,0x0000,0,0,OK
0x05A7,0x0000,0,0,OK
0x05A8,0x0000,0,0,OK
0x05A9,0x0000,0,0,OK
0x05AA,0x0000,0,0,OK
0x05AB,0x0000,0,0,OK
0x05AC,0x0000,0,0,OK
0x05AD,0x0000,0,0,OK
0x05AE,0x0000,0,0,OK
0x05AF,0x0000,0,0,OK
0x05B0,0x0000,0,0,OK
0x05B1,0x0000,0,0,OK
0x05B2,0x0000,0,0,OK
0x05B3,0x0000,0,0,OK
0x05B4,0x0000,0,0,OK
0x05B5,0x0000,0,0,OK
0x05B6,0x0000,0,0,OK
0x05B7,0x0000,0,0,OK
0x05B8,0x0000,0,0,OK
0x05B9,0x0000,0,0,OK
0x05BA,0x0000,0,0,OK
0x05BB,0x0000,0,0,OK
0x05BC,0x0000,0,0,OK
0x05BD,0x0000,0,0,OK
0x05BE,0x0000,0,0,OK
0x05BF,0x0000,0,0,OK
0x05C0,0x0000,0,0,OK
0x05C1,0x0000,0,0,OK
0x05C2,0x0000,0,0,OK
0x05C3,0x001F,31,31,OK
0x05C4,0x0000,0,0,OK
0x05C5,0x0000,0,0,OK
0x05C6,0x0000,0,0,OK
0x05C7,0x0000,0,0,OK
0x05C8,0x0000,0,0,OK
0x05C9,0x0000,0,0,OK
0x05CA,0x0000,0,0,OK
0x05CB,0x0000,0,0,OK
0x05CC,0x0000,0,0,OK
0x05CD,0x0000,0,0,OK
0x05CE,0x0000,0,0,OK
0x05CF,0x0000,0,0,OK
0x05D0,0x0000,0,0,OK
0x05D1,0x0000,0,0,OK
0x05D2,0x0000,0,0,OK
0x05D3,0x0000,0,0,OK
0x05D4,0x0000,0,0,OK
0x05D5,0x0000,0,0,OK
0x05D6,0x0000,0,0,OK
0x05D7,0x0000,0,0,OK
0x05D8,0x0000,0,0,OK
0x05D9,0x0000,0,0,OK
0x05DA,0x0000,0,0,OK
0x05DB,0x0000,0,0,OK
0x05DC,0x0000,0,0,OK
0x05DD,0x0000,0,0,OK
0x05DE,0x0000,0,0,OK
0x05DF,0x0000,0,0,OK
0x05E0,0x0000,0,0,OK
0x05E1,0x0000,0,0,OK
0x05E2,0x0000,0,0,OK
0x05E3,0x0000,0,0,OK
0x05E4,0x0000,0,0,OK
0x05E5,0x0000,0,0,OK
0x05E6,0x0000,0,0,OK
0x05E7,0x0000,0,0,OK
0x05E8,0x0000,0,0,OK
0x05E9,0x0000,0,0,OK
0x05EA,0x0000,0,0,OK
0x05EB,0x0000,0,0,OK
0x05EC,0x0000,0,0,OK
0x05ED,0x0000,0,0,OK
0x05EE,0x0000,0,0,OK
0x05EF,0x0000,0,0,OK
0x05F0,0x0000,0,0,OK
0x05F1,0x0000,0,0,OK
0x05F2,0x0000,0,0,OK
0x05F3,0x0000,0,0,OK
0x05F4,0x0000,0,0,OK
0x05F5,0x0000,0,0,OK
0x05F6,0x0000,0,0,OK
0x05F7,0x0000,0,0,OK
0x05F8,0x0000,0,0,OK
0x05F9,0x0000,0,0,OK
0x05FA,0x0000,0,0,OK
0x05FB,0x0000,0,0,OK
0x05FC,0x0000,0,0,OK
0x05FD,0x0000,0,0,OK
0x05FE,0x0000,0,0,OK
0x05FF,0x0000,0,0,OK
0x0600,0x0000,0,0,OK
0x0601,0x0000,0,0,OK
0x0602,0x0003,3,3,OK
0x0603,0xFFFF,65535,-1,OK
0x0604,0x0852,2130,2130,OK
0x0605,0x0000,0,0,OK
0x0606,0x0000,0,0,OK
0x0607,0x0022,34,34,OK
0x0608,0x0051,81,81,OK
0x0609,0x0064,100,100,OK
0x060A,0x0000,0,0,OK
0x060B,0x0000,0,0,OK
0x060C,0x0000,0,0,OK
0x060D,0x0000,0,0,OK
0x060E,0x0000,0,0,OK
0x060F,0x0000,0,0,OK
0x0610,0x0000,0,0,OK
0x0611,0x0000,0,0,OK
0x0612,0x0000,0,0,OK
0x0613,0x0000,0,0,OK
0x0614,0x0000,0,0,OK
0x0615,0x0000,0,0,OK
0x0616,0x0000,0,0,OK
0x0617,0x0000,0,0,OK
0x0618,0x0000,0,0,OK
0x0619,0x0000,0,0,OK
0x061A,0x0000,0,0,OK
0x061B,0x0000,0,0,OK
0x061C,0x0000,0,0,OK
0x061D,0x0000,0,0,OK
0x061E,0x0000,0,0,OK
0x061F,0x0000,0,0,OK
0x0620,0x0000,0,0,OK
0x0621,0x0000,0,0,OK
0x0622,0x0000,0,0,OK
0x0623,0x0000,0,0,OK
0x0624,0x0000,0,0,OK
0x0625,0x0000,0,0,OK
0x0626,0x0000,0,0,OK
0x0627,0x0000,0,0,OK
0x0628,0x0000,0,0,OK
0x0629,0x0000,0,0,OK
0x062A,0x0000,0,0,OK
0x062B,0x0000,0,0,OK
0x062C,0x0000,0,0,OK
0x062D,0x0000,0,0,OK
0x062E,0x0000,0,0,OK
0x062F,0x0000,0,0,OK
0x0630,0x0000,0,0,OK
0x0631,0x0000,0,0,OK
0x0632,0x0000,0,0,OK
0x0633,0x0000,0,0,OK
0x0634,0x0000,0,0,OK
0x0635,0x0000,0,0,OK
0x0636,0x0000,0,0,OK
0x0637,0x0000,0,0,OK
0x0638,0x0000,0,0,OK
0x0639,0x0000,0,0,OK
0x063A,0x0000,0,0,OK
0x063B,0x0000,0,0,OK
0x063C,0x0000,0,0,OK
0x063D,0x0000,0,0,OK
0x063E,0x0000,0,0,OK
0x063F,0x0000,0,0,OK
0x0640,0x0000,0,0,OK
0x0641,0x0380,896,896,OK
0x0642,0x0000,0,0,OK
0x0643,0x0FFF,4095,4095,OK
0x0644,0x0000,0,0,OK
0x0645,0x0FA0,4000,4000,OK
0x0646,0x0002,2,2,OK
0x0647,0x0000,0,0,OK
0x0648,0x0000,0,0,OK
0x0649,0x0000,0,0,OK
0x064A,0x0004,4,4,OK
0x064B,0x0000,0,0,OK
0x064C,0x0000,0,0,OK
0x064D,0x0000,0,0,OK
0x064E,0x0000,0,0,OK
0x064F,0x0000,0,0,OK
0x0650,0x0000,0,0,OK
0x0651,0x0000,0,0,OK
0x0652,0x0000,0,0,OK
0x0653,0x0000,0,0,OK
0x0654,0x0000,0,0,OK
0x0655,0x0000,0,0,OK
0x0656,0x0000,0,0,OK
0x0657,0x0000,0,0,OK
0x0658,0x0000,0,0,OK
0x0659,0x0000,0,0,OK
0x065A,0x0000,0,0,OK
0x065B,0x0000,0,0,OK
0x065C,0x0000,0,0,OK
0x065D,0x0000,0,0,OK
0x065E,0x0000,0,0,OK
0x065F,0x0000,0,0,OK
0x0660,0x0000,0,0,OK
0x0661,0x0000,0,0,OK
0x0662,0x0000,0,0,OK
0x0663,0x0000,0,0,OK
0x0664,0x0000,0,0,OK
0x0665,0x0000,0,0,OK
0x0666,0x0000,0,0,OK
0x0667,0x0000,0,0,OK
0x0668,0x0051,81,81,OK
0x0669,0x0064,100,100,OK
0x066A,0x0001,1,1,OK
0x066B,0x002E,46,46,OK
0x066C,0x0000,0,0,OK
0x066D,0x0000,0,0,OK
0x066E,0x0000,0,0,OK
0x066F,0x0000,0,0,OK
0x0670,0x0000,0,0,OK
0x0671,0x0000,0,0,OK
0x0672,0x0000,0,0,OK
0x0673,0x0000,0,0,OK
0x0674,0x0000,0,0,OK
0x0675,0x0000,0,0,OK
0x0676,0x0000,0,0,OK
0x0677,0x0000,0,0,OK
0x0678,0x0000,0,0,OK
0x0679,0x0000,0,0,OK
0x067A,0x0000,0,0,OK
0x067B,0x0000,0,0,OK
0x067C,0x0000,0,0,OK
0x067D,0x0000,0,0,OK
0x067E,0x0000,0,0,OK
0x067F,0x0000,0,0,OK
0x0680,0x0000,0,0,OK
0x0681,0x0000,0,0,OK
0x0682,0x0FFF,4095,4095,OK
0x0683,0xFFFF,65535,-1,OK
0x0684,0x0000,0,0,OK
0x0685,0x0000,0,0,OK
0x0686,0x0000,0,0,OK
0x0687,0x0014,20,20,OK
0x0688,0x0000,0,0,OK
0x0689,0x0012,18,18,OK
0x068A,0x0000,0,0,OK
0x068B,0x006B,107,107,OK
0x068C,0x0000,0,0,OK
0x068D,0x0000,0,0,OK
0x068E,0x0000,0,0,OK
0x068F,0x00B6,182,182,OK
0x0690,0x0000,0,0,OK
0x0691,0x006B,107,107,OK
0x0692,0x0000,0,0,OK
0x0693,0x00B3,179,179,OK
0x0694,0x0000,0,0,OK
0x0695,0x0000,0,0,OK
0x0696,0x0000,0,0,OK
0x0697,0x00B9,185,185,OK
0x0698,0x0000,0,0,OK
0x0699,0x0004,4,4,OK
0x069A,0x0000,0,0,OK
0x069B,0x0042,66,66,OK
0x069C,0x0000,0,0,OK
0x069D,0x0000,0,0,OK
0x069E,0x0000,0,0,OK
0x069F,0x0000,0,0,OK
0x06A0,0x0000,0,0,OK
0x06A1,0x0000,0,0,OK
0x06A2,0x0000,0,0,OK
0x06A3,0x0000,0,0,OK
0x06A4,0x0000,0,0,OK
0x06A5,0x0000,0,0,OK
0x06A6,0x0000,0,0,OK
0x06A7,0x0000,0,0,OK
0x06A8,0x0000,0,0,OK
0x06A9,0x0000,0,0,OK
0x06AA,0x0000,0,0,OK
0x06AB,0x0000,0,0,OK
0x06AC,0x0000,0,0,OK
0x06AD,0x0000,0,0,OK
0x06AE,0x0000,0,0,OK
0x06AF,0x0000,0,0,OK
0x06B0,0x0000,0,0,OK
0x06B1,0x0000,0,0,OK
0x06B2,0x0000,0,0,OK
0x06B3,0x0000,0,0,OK
0x06B4,0x0000,0,0,OK
0x06B5,0x0000,0,0,OK
0x06B6,0x0000,0,0,OK
0x06B7,0x0000,0,0,OK
0x06B8,0x0000,0,0,OK
0x06B9,0x0000,0,0,OK
0x06BA,0x0000,0,0,OK
0x06BB,0x0000,0,0,OK
0x06BC,0x0000,0,0,OK
0x06BD,0x0000,0,0,OK
0x06BE,0x0000,0,0,OK
0x06BF,0x0000,0,0,OK
0x06C0,0x0000,0,0,OK
0x06C1,0x01F8,504,504,OK
0x06C2,0x0001,1,1,OK
0x06C3,0xFFFF,65535,-1,OK
0x06C4,0x0001,1,1,OK
0x06C5,0x0000,0,0,OK
0x06C6,0x0000,0,0,OK
0x06C7,0x0001,1,1,OK
0x06C8,0xFFFF,65535,-1,OK
0x06C9,0xFF61,65377,-159,OK
0x06CA,0xFFD5,65493,-43,OK
0x06CB,0x00E8,232,232,OK
0x06CC,0x2217,8727,8727,OK
0x06CD,0x110B,4363,4363,OK
0x06CE,0x110C,4364,4364,OK
0x06CF,0x0000,0,0,OK
0x06D0,0x0000,0,0,OK
0x06D1,0x0000,0,0,OK
0x06D2,0x0000,0,0,OK
0x06D3,0x0000,0,0,OK
0x06D4,0x0000,0,0,OK
0x06D5,0x0000,0,0,OK
0x06D6,0x0000,0,0,OK
0x06D7,0x0000,0,0,OK
0x06D8,0x0000,0,0,OK
0x06D9,0x0000,0,0,OK
0x06DA,0x0000,0,0,OK
0x06DB,0x0000,0,0,OK
0x06DC,0x0000,0,0,OK
0x06DD,0x0000,0,0,OK
0x06DE,0x0000,0,0,OK
0x06DF,0x0000,0,0,OK
0x06E0,0x0000,0,0,OK
0x06E1,0x0000,0,0,OK
0x06E2,0x0000,0,0,OK
0x06E3,0x15A6,5542,5542,OK
0x06E4,0x1AFE,6910,6910,OK
0x06E5,0x1DBC,7612,7612,OK
0x06E6,0x0000,0,0,OK
0x06E7,0x0000,0,0,OK
0x06E8,0x0000,0,0,OK
0x06E9,0x0000,0,0,OK
0x06EA,0x0000,0,0,OK
0x06EB,0x0000,0,0,OK
0x06EC,0x0000,0,0,OK
0x06ED,0x0000,0,0,OK
0x06EE,0x0058,88,88,OK
0x06EF,0x0000,0,0,OK
0x06F0,0x0000,0,0,OK
0x06F1,0x0000,0,0,OK
0x06F2,0x0000,0,0,OK
0x06F3,0x0000,0,0,OK
0x06F4,0x0000,0,0,OK
0x06F5,0x0000,0,0,OK
0x06F6,0x0000,0,0,OK
0x06F7,0x0000,0,0,OK
0x06F8,0x0000,0,0,OK
0x06F9,0x0000,0,0,OK
0x06FA,0x0000,0,0,OK
0x06FB,0x0000,0,0,OK
0x06FC,0x0000,0,0,OK
0x06FD,0x0000,0,0,OK
0x06FE,0x0000,0,0,OK
0x06FF,0x0000,0,0,OK
0x0700,0x0000,0,0,OK
0x0701,0x0000,0,0,OK
0x0702,0x0000,0,0,OK
0x0703,0x000F,15,15,OK
0x0704,0x0000,0,0,OK
0x0705,0x0000,0,0,OK
0x0706,0x0000,0,0,OK
0x0707,0x0000,0,0,OK
0x0708,0x0000,0,0,OK
0x0709,0x0000,0,0,OK
0x070A,0x0000,0,0,OK
0x070B,0x0000,0,0,OK
0x070C,0x0000,0,0,OK
0x070D,0x0000,0,0,OK
0x070E,0x0000,0,0,OK
0x070F,0x0000,0,0,OK
0x0710,0x0000,0,0,OK
0x0711,0x0000,0,0,OK
0x0712,0x0000,0,0,OK
0x0713,0x0000,0,0,OK
0x0714,0x0000,0,0,OK
0x0715,0x0000,0,0,OK
0x0716,0x0000,0,0,OK
0x0717,0x0000,0,0,OK
0x0718,0x0000,0,0,OK
0x0719,0x0000,0,0,OK
0x071A,0x0000,0,0,OK
0x071B,0x0000,0,0,OK
0x071C,0x0000,0,0,OK
0x071D,0x0000,0,0,OK
0x071E,0x0000,0,0,OK
0x071F,0x0000,0,0,OK
0x0720,0x0000,0,0,OK
0x0721,0x0000,0,0,OK
0x0722,0x0000,0,0,OK
0x0723,0x0000,0,0,OK
0x0724,0x0000,0,0,OK
0x0725,0x0000,0,0,OK
0x0726,0x0000,0,0,OK
0x0727,0x0000,0,0,OK
0x0728,0x0000,0,0,OK
0x0729,0x0000,0,0,OK
0x072A,0x0000,0,0,OK
0x072B,0x0000,0,0,OK
0x072C,0x0000,0,0,OK
0x072D,0x0000,0,0,OK
0x072E,0x0000,0,0,OK
0x072F,0x0000,0,0,OK
0x0730,0x0000,0,0,OK
0x0731,0x0000,0,0,OK
0x0732,0x0000,0,0,OK
0x0733,0x0000,0,0,OK
0x0734,0x0000,0,0,OK
0x0735,0x0000,0,0,OK
0x0736,0x0000,0,0,OK
0x0737,0x0000,0,0,OK
0x0738,0x0000,0,0,OK
0x0739,0x0000,0,0,OK
0x073A,0x0000,0,0,OK
0x073B,0x0000,0,0,OK
0x073C,0x0000,0,0,OK
0x073D,0x0000,0,0,OK
0x073E,0x0000,0,0,OK
0x073F,0x0000,0,0,OK
0x0740,0x0000,0,0,OK
0x0741,0x0000,0,0,OK
0x0742,0x0000,0,0,OK
0x0743,0x000F,15,15,OK
0x0744,0x0000,0,0,OK
0x0745,0x0000,0,0,OK
0x0746,0x0000,0,0,OK
0x0747,0x0000,0,0,OK
0x0748,0x0000,0,0,OK
0x0749,0x0000,0,0,OK
0x074A,0x0000,0,0,OK
0x074B,0x0000,0,0,OK
0x074C,0x0000,0,0,OK
0x074D,0x0000,0,0,OK
0x074E,0x0000,0,0,OK
0x074F,0x0000,0,0,OK
0x0750,0x0000,0,0,OK
0x0751,0x0000,0,0,OK
0x0752,0x0000,0,0,OK
0x0753,0x0000,0,0,OK
0x0754,0x0000,0,0,OK
0x0755,0x0000,0,0,OK
0x0756,0x0000,0,0,OK
0x0757,0x0000,0,0,OK
0x0758,0x0000,0,0,OK
0x0759,0x0000,0,0,OK
0x075A,0x0000,0,0,OK
0x075B,0x0000,0,0,OK
0x075C,0x0000,0,0,OK
0x075D,0x0000,0,0,OK
0x075E,0x0000,0,0,OK
0x075F,0x0000,0,0,OK
0x0760,0x0000,0,0,OK
0x0761,0x0000,0,0,OK
0x0762,0x0000,0,0,OK
0x0763,0x0000,0,0,OK
0x0764,0x0000,0,0,OK
0x0765,0x0000,0,0,OK
0x0766,0x0000,0,0,OK
0x0767,0x0000,0,0,OK
0x0768,0x0000,0,0,OK
0x0769,0x0000,0,0,OK
0x076A,0x0000,0,0,OK
0x076B,0x0000,0,0,OK
0x076C,0x0000,0,0,OK
0x076D,0x0000,0,0,OK
0x076E,0x0000,0,0,OK
0x076F,0x0000,0,0,OK
0x0770,0x0000,0,0,OK
0x0771,0x0000,0,0,OK
0x0772,0x0000,0,0,OK
0x0773,0x0000,0,0,OK
0x0774,0x0000,0,0,OK
0x0775,0x0000,0,0,OK
0x0776,0x0000,0,0,OK
0x0777,0x0000,0,0,OK
0x0778,0x0000,0,0,OK
0x0779,0x0000,0,0,OK
0x077A,0x0000,0,0,OK
0x077B,0x0000,0,0,OK
0x077C,0x0000,0,0,OK
0x077D,0x0000,0,0,OK
0x077E,0x0000,0,0,OK
0x077F,0x0000,0,0,OK
0x0800,0x003C,60,60,OK
0x0801,0x0008,8,8,OK
0x0802,0x003C,60,60,OK
0x0803,0x0008,8,8,OK
0x0804,0x09E2,2530,2530,OK
0x0805,0x07A3,1955,1955,OK
0x0806,0x1392,5010,5010,OK
0x0807,0x128E,4750,4750,OK
0x0808,0x09E2,2530,2530,OK
0x0809,0x07A3,1955,1955,OK
0x080A,0x139C,5020,5020,OK
0x080B,0x128E,4750,4750,OK
0x080C,0xFFFF,65535,-1,OK
0x080D,0xFFFF,65535,-1,OK
0x080E,0xFFFF,65535,-1,OK
0x080F,0xFFFF,65535,-1,OK
0x0810,0xFFFF,65535,-1,OK
0x0811,0xFFFF,65535,-1,OK
0x0812,0xFFFF,65535,-1,OK
0x0813,0xFFFF,65535,-1,OK
0x0814,0xFFFF,65535,-1,OK
0x0815,0xFFFF,65535,-1,OK
0x0816,0xFFFF,65535,-1,OK
0x0817,0xFFFF,65535,-1,OK
0x0818,0xFFFF,65535,-1,OK
0x0819,0xFFFF,65535,-1,OK
0x081A,0xFFFF,65535,-1,OK
0x081B,0xFFFF,65535,-1,OK
0x081C,0xFFFF,65535,-1,OK
0x081D,0xFFFF,65535,-1,OK
0x081E,0xFFFF,65535,-1,OK
0x081F,0xFFFF,65535,-1,OK
0x0820,0xFFFF,65535,-1,OK
0x0821,0xFFFF,65535,-1,OK
0x0822,0xFFFF,65535,-1,OK
0x0823,0xFFFF,65535,-1,OK
0x0824,0xFFFF,65535,-1,OK
0x0825,0xFFFF,65535,-1,OK
0x0826,0xFFFF,65535,-1,OK
0x0827,0xFFFF,65535,-1,OK
0x0828,0xFFFF,65535,-1,OK
0x0829,0xFFFF,65535,-1,OK
0x082A,0xFFFF,65535,-1,OK
0x082B,0xFFFF,65535,-1,OK
0x082C,0xFFFF,65535,-1,OK
0x082D,0xFFFF,65535,-1,OK
0x082E,0xFFFF,65535,-1,OK
0x082F,0xFFFF,65535,-1,OK
0x0830,0xFFFF,65535,-1,OK
0x0831,0xFFFF,65535,-1,OK
0x0832,0xFFFF,65535,-1,OK
0x0833,0xFFFF,65535,-1,OK
0x0834,0xFFFF,65535,-1,OK
0x0835,0xFFFF,65535,-1,OK
0x0836,0xFFFF,65535,-1,OK
0x0837,0xFFFF,65535,-1,OK
0x0838,0xFFFF,65535,-1,OK
0x0839,0xFFFF,65535,-1,OK
0x083A,0xFFFF,65535,-1,OK
0x083B,0xFFFF,65535,-1,OK
0x083C,0xFFFF,65535,-1,OK
0x083D,0xFFFF,65535,-1,OK
0x083E,0xFFFF,65535,-1,OK
0x083F,0xFFFF,65535,-1,OK
0x0840,0x0049,73,73,OK
0x0841,0x08FC,2300,2300,OK
0x0842,0x0A55,2645,2645,OK
0x0843,0x000E,14,14,OK
0x0844,0x0AAA,2730,2730,OK
0x0845,0x0002,2,2,OK
0x0846,0x0000,0,0,OK
0x0847,0x0000,0,0,OK
0x0848,0x07A3,1955,1955,OK
0x0849,0x008C,140,140,OK
0x084A,0x047E,1150,1150,OK
0x084B,0x0002,2,2,OK
0x084C,0x0000,0,0,OK
0x084D,0x0000,0,0,OK
0x084E,0x09E2,2530,2530,OK
0x084F,0xFFFF,65535,-1,OK
0x0850,0xFFFF,65535,-1,OK
0x0851,0xFFFF,65535,-1,OK
0x0852,0xFFFF,65535,-1,OK
0x0853,0xFFFF,65535,-1,OK
0x0854,0xFFFF,65535,-1,OK
0x0855,0xFFFF,65535,-1,OK
0x0856,0xFFFF,65535,-1,OK
0x0857,0xFFFF,65535,-1,OK
0x0858,0xFFFF,65535,-1,OK
0x0859,0xFFFF,65535,-1,OK
0x085A,0xFFFF,65535,-1,OK
0x085B,0xFFFF,65535,-1,OK
0x085C,0xFFFF,65535,-1,OK
0x085D,0xFFFF,65535,-1,OK
0x085E,0xFFFF,65535,-1,OK
0x085F,0xFFFF,65535,-1,OK
0x0860,0xFFFF,65535,-1,OK
0x0861,0xFFFF,65535,-1,OK
0x0862,0xFFFF,65535,-1,OK
0x0863,0xFFFF,65535,-1,OK
0x0864,0xFFFF,65535,-1,OK
0x0865,0xFFFF,65535,-1,OK
0x0866,0xFFFF,65535,-1,OK
0x0867,0xFFFF,65535,-1,OK
0x0868,0xFFFF,65535,-1,OK
0x0869,0xFFFF,65535,-1,OK
0x086A,0xFFFF,65535,-1,OK
0x086B,0xFFFF,65535,-1,OK
0x086C,0xFFFF,65535,-1,OK
0x086D,0xFFFF,65535,-1,OK
0x086E,0xFFFF,65535,-1,OK
0x086F,0xFFFF,65535,-1,OK
0x0870,0xFFFF,65535,-1,OK
0x0871,0xFFFF,65535,-1,OK
0x0872,0xFFFF,65535,-1,OK
0x0873,0xFFFF,65535,-1,OK
0x0874,0xFFFF,65535,-1,OK
0x0875,0xFFFF,65535,-1,OK
0x0876,0xFFFF,65535,-1,OK
0x0877,0xFFFF,65535,-1,OK
0x0878,0xFFFF,65535,-1,OK
0x0879,0xFFFF,65535,-1,OK
0x087A,0xFFFF,65535,-1,OK
0x087B,0xFFFF,65535,-1,OK
0x087C,0xFFFF,65535,-1,OK
0x087D,0xFFFF,65535,-1,OK
0x087E,0xFFFF,65535,-1,OK
0x087F,0xFFFF,65535,-1,OK
0x0880,0x0009,9,9,OK
0x0881,0x1388,5000,5000,OK
0x0882,0x1450,5200,5200,OK
0x0883,0x0028,40,40,OK
0x0884,0x1482,5250,5250,OK
0x0885,0x0006,6,6,OK
0x0886,0x0000,0,0,OK
0x0887,0x0000,0,0,OK
0x0888,0x128E,4750,4750,OK
0x0889,0x0028,40,40,OK
0x088A,0x1194,4500,4500,OK
0x088B,0x0006,6,6,OK
0x088C,0x0000,0,0,OK
0x088D,0x0000,0,0,OK
0x088E,0xFFFF,65535,-1,OK
0x088F,0xFFFF,65535,-1,OK
0x0890,0xFFFF,65535,-1,OK
0x0891,0xFFFF,65535,-1,OK
0x0892,0xFFFF,65535,-1,OK
0x0893,0xFFFF,65535,-1,OK
0x0894,0xFFFF,65535,-1,OK
0x0895,0xFFFF,65535,-1,OK
0x0896,0xFFFF,65535,-1,OK
0x0897,0xFFFF,65535,-1,OK
0x0898,0xFFFF,65535,-1,OK
0x0899,0xFFFF,65535,-1,OK
0x089A,0xFFFF,65535,-1,OK
0x089B,0xFFFF,65535,-1,OK
0x089C,0xFFFF,65535,-1,OK
0x089D,0xFFFF,65535,-1,OK
0x089E,0xFFFF,65535,-1,OK
0x089F,0xFFFF,65535,-1,OK
0x08A0,0xFFFF,65535,-1,OK
0x08A1,0xFFFF,65535,-1,OK
0x08A2,0xFFFF,65535,-1,OK
0x08A3,0xFFFF,65535,-1,OK
0x08A4,0xFFFF,65535,-1,OK
0x08A5,0xFFFF,65535,-1,OK
0x08A6,0xFFFF,65535,-1,OK
0x08A7,0xFFFF,65535,-1,OK
0x08A8,0xFFFF,65535,-1,OK
0x08A9,0xFFFF,65535,-1,OK
0x08AA,0xFFFF,65535,-1,OK
0x08AB,0xFFFF,65535,-1,OK
0x08AC,0xFFFF,65535,-1,OK
0x08AD,0xFFFF,65535,-1,OK
0x08AE,0xFFFF,65535,-1,OK
0x08AF,0xFFFF,65535,-1,OK
0x08B0,0xFFFF,65535,-1,OK
0x08B1,0xFFFF,65535,-1,OK
0x08B2,0xFFFF,65535,-1,OK
0x08B3,0xFFFF,65535,-1,OK
0x08B4,0xFFFF,65535,-1,OK
0x08B5,0xFFFF,65535,-1,OK
0x08B6,0xFFFF,65535,-1,OK
0x08B7,0xFFFF,65535,-1,OK
0x08B8,0xFFFF,65535,-1,OK
0x08B9,0xFFFF,65535,-1,OK
0x08BA,0xFFFF,65535,-1,OK
0x08BB,0xFFFF,65535,-1,OK
0x08BC,0xFFFF,65535,-1,OK
0x08BD,0xFFFF,65535,-1,OK
0x08BE,0xFFFF,65535,-1,OK
0x08BF,0xFFFF,65535,-1,OK
0x08C0,0x0003,3,3,OK
0x08C1,0x0096,150,150,OK
0x08C2,0x0050,80,80,OK
0x08C3,0x01F4,500,500,OK
0x08C4,0x000A,10,10,OK
0x08C5,0x0000,0,0,OK
0x08C6,0x0001,1,1,OK
0x08C7,0x0000,0,0,OK
0x08C8,0x0000,0,0,OK
0x08C9,0x0000,0,0,OK
0x08CA,0x0046,70,70,OK
0x08CB,0x012C,300,300,OK
0x08CC,0x01F4,500,500,OK
0x08CD,0xFFFF,65535,-1,OK
0x08CE,0xFFFF,65535,-1,OK
0x08CF,0xFFFF,65535,-1,OK
0x08D0,0xFFFF,65535,-1,OK
0x08D1,0xFFFF,65535,-1,OK
0x08D2,0xFFFF,65535,-1,OK
0x08D3,0xFFFF,65535,-1,OK
0x08D4,0xFFFF,65535,-1,OK
0x08D5,0xFFFF,65535,-1,OK
0x08D6,0xFFFF,65535,-1,OK
0x08D7,0xFFFF,65535,-1,OK
0x08D8,0xFFFF,65535,-1,OK
0x08D9,0xFFFF,65535,-1,OK
0x08DA,0xFFFF,65535,-1,OK
0x08DB,0xFFFF,65535,-1,OK
0x08DC,0xFFFF,65535,-1,OK
0x08DD,0xFFFF,65535,-1,OK
0x08DE,0xFFFF,65535,-1,OK
0x08DF,0xFFFF,65535,-1,OK
0x08E0,0xFFFF,65535,-1,OK
0x08E1,0xFFFF,65535,-1,OK
0x08E2,0xFFFF,65535,-1,OK
0x08E3,0xFFFF,65535,-1,OK
0x08E4,0xFFFF,65535,-1,OK
0x08E5,0xFFFF,65535,-1,OK
0x08E6,0xFFFF,65535,-1,OK
0x08E7,0xFFFF,65535,-1,OK
0x08E8,0xFFFF,65535,-1,OK
0x08E9,0xFFFF,65535,-1,OK
0x08EA,0xFFFF,65535,-1,OK
0x08EB,0xFFFF,65535,-1,OK
0x08EC,0xFFFF,65535,-1,OK
0x08ED,0xFFFF,65535,-1,OK
0x08EE,0xFFFF,65535,-1,OK
0x08EF,0xFFFF,65535,-1,OK
0x08F0,0xFFFF,65535,-1,OK
0x08F1,0xFFFF,65535,-1,OK
0x08F2,0xFFFF,65535,-1,OK
0x08F3,0xFFFF,65535,-1,OK
0x08F4,0xFFFF,65535,-1,OK
0x08F5,0xFFFF,65535,-1,OK
0x08F6,0xFFFF,65535,-1,OK
0x08F7,0xFFFF,65535,-1,OK
0x08F8,0xFFFF,65535,-1,OK
0x08F9,0xFFFF,65535,-1,OK
0x08FA,0xFFFF,65535,-1,OK
0x08FB,0xFFFF,65535,-1,OK
0x08FC,0xFFFF,65535,-1,OK
0x08FD,0xFFFF,65535,-1,OK
0x08FE,0xFFFF,65535,-1,OK
0x08FF,0xFFFF,65535,-1,OK
0x0900,0x0046,70,70,OK
0x0901,0x03E8,1000,1000,OK
0x0902,0x0064,100,100,OK
0x0903,0x09E2,2530,2530,OK
0x0904,0x0A28,2600,2600,OK
0x0905,0x0014,20,20,OK
0x0906,0x0258,600,600,OK
0x0907,0x0834,2100,2100,OK
0x0908,0x0802,2050,2050,OK
0x0909,0xFFEC,65516,-20,OK
0x090A,0x0064,100,100,OK
0x090B,0x0064,100,100,OK
0x090C,0x0064,100,100,OK
0x090D,0x0064,100,100,OK
0x090E,0x0000,0,0,OK
0x090F,0x001E,30,30,OK
0x0910,0x003C,60,60,OK
0x0911,0x0064,100,100,OK
0x0912,0x0064,100,100,OK
0x0913,0x012C,300,300,OK
0x0914,0x0BB8,3000,3000,OK
0x0915,0x0BB8,3000,3000,OK
0x0916,0x000A,10,10,OK
0x0917,0xFFFF,65535,-1,OK
0x0918,0xFFFF,65535,-1,OK
0x0919,0xFFFF,65535,-1,OK
0x091A,0xFFFF,65535,-1,OK
0x091B,0xFFFF,65535,-1,OK
0x091C,0xFFFF,65535,-1,OK
0x091D,0xFFFF,65535,-1,OK
0x091E,0xFFFF,65535,-1,OK
0x091F,0xFFFF,65535,-1,OK
0x0920,0xFFFF,65535,-1,OK
0x0921,0xFFFF,65535,-1,OK
0x0922,0xFFFF,65535,-1,OK
0x0923,0xFFFF,65535,-1,OK
0x0924,0xFFFF,65535,-1,OK
0x0925,0xFFFF,65535,-1,OK
0x0926,0xFFFF,65535,-1,OK
0x0927,0xFFFF,65535,-1,OK
0x0928,0xFFFF,65535,-1,OK
0x0929,0xFFFF,65535,-1,OK
0x092A,0xFFFF,65535,-1,OK
0x092B,0xFFFF,65535,-1,OK
0x092C,0xFFFF,65535,-1,OK
0x092D,0xFFFF,65535,-1,OK
0x092E,0xFFFF,65535,-1,OK
0x092F,0xFFFF,65535,-1,OK
0x0930,0xFFFF,65535,-1,OK
0x0931,0xFFFF,65535,-1,OK
0x0932,0xFFFF,65535,-1,OK
0x0933,0xFFFF,65535,-1,OK
0x0934,0xFFFF,65535,-1,OK
0x0935,0xFFFF,65535,-1,OK
0x0936,0xFFFF,65535,-1,OK
0x0937,0xFFFF,65535,-1,OK
0x0938,0xFFFF,65535,-1,OK
0x0939,0xFFFF,65535,-1,OK
0x093A,0xFFFF,65535,-1,OK
0x093B,0xFFFF,65535,-1,OK
0x093C,0xFFFF,65535,-1,OK
0x093D,0xFFFF,65535,-1,OK
0x093E,0xFFFF,65535,-1,OK
0x093F,0xFFFF,65535,-1,OK
0x0940,0x0025,37,37,OK
0x0941,0x139C,5020,5020,OK
0x0942,0x1450,5200,5200,OK
0x0943,0x0028,40,40,OK
0x0944,0x0000,0,0,OK
0x0945,0x0064,100,100,OK
0x0946,0x139C,5020,5020,OK
0x0947,0x0009,9,9,OK
0x0948,0x136F,4975,4975,OK
0x0949,0x12C0,4800,4800,OK
0x094A,0x0039,57,57,OK
0x094B,0x0000,0,0,OK
0x094C,0x0BB8,3000,3000,OK
0x094D,0x1379,4985,4985,OK
0x094E,0x0011,17,17,OK
0x094F,0x139C,5020,5020,OK
0x0950,0x1379,4985,4985,OK
0x0951,0x139C,5020,5020,OK
0x0952,0x1450,5200,5200,OK
0x0953,0x0028,40,40,OK
0x0954,0x0000,0,0,OK
0x0955,0x0064,100,100,OK
0x0956,0x139C,5020,5020,OK
0x0957,0x0009,9,9,OK
0x0958,0x136F,4975,4975,OK
0x0959,0x12C0,4800,4800,OK
0x095A,0x0039,57,57,OK
0x095B,0x0000,0,0,OK
0x095C,0x0BB8,3000,3000,OK
0x095D,0x1379,4985,4985,OK
0x095E,0x0011,17,17,OK
0x095F,0x139C,5020,5020,OK
0x0960,0x1379,4985,4985,OK
0x0961,0x13EC,5100,5100,OK
0x0962,0x1324,4900,4900,OK
0x0963,0xFFFF,65535,-1,OK
0x0964,0xFFFF,65535,-1,OK
0x0965,0xFFFF,65535,-1,OK
0x0966,0xFFFF,65535,-1,OK
0x0967,0xFFFF,65535,-1,OK
0x0968,0xFFFF,65535,-1,OK
0x0969,0xFFFF,65535,-1,OK
0x096A,0xFFFF,65535,-1,OK
0x096B,0xFFFF,65535,-1,OK
0x096C,0xFFFF,65535,-1,OK
0x096D,0xFFFF,65535,-1,OK
0x096E,0xFFFF,65535,-1,OK
0x096F,0xFFFF,65535,-1,OK
0x0970,0xFFFF,65535,-1,OK
0x0971,0xFFFF,65535,-1,OK
0x0972,0xFFFF,65535,-1,OK
0x0973,0xFFFF,65535,-1,OK
0x0974,0xFFFF,65535,-1,OK
0x0975,0xFFFF,65535,-1,OK
0x0976,0xFFFF,65535,-1,OK
0x0977,0xFFFF,65535,-1,OK
0x0978,0xFFFF,65535,-1,OK
0x0979,0xFFFF,65535,-1,OK
0x097A,0xFFFF,65535,-1,OK
0x097B,0xFFFF,65535,-1,OK
0x097C,0xFFFF,65535,-1,OK
0x097D,0xFFFF,65535,-1,OK
0x097E,0xFFFF,65535,-1,OK
0x097F,0xFFFF,65535,-1,OK
0x0980,0x0000,0,0,OK
0x0981,0x2710,10000,10000,OK
0x0982,0x2710,10000,10000,OK
0x0983,0x2710,10000,10000,OK
0x0984,0x0032,50,50,OK
0x0985,0x2710,10000,10000,OK
0x0986,0x0032,50,50,OK
0x0987,0x2710,10000,10000,OK
0x0988,0x0032,50,50,OK
0x0989,0x2328,9000,9000,OK
0x098A,0x0064,100,100,OK
0x098B,0x0069,105,105,OK
0x098C,0x0064,100,100,OK
0x098D,0x0068,104,104,OK
0x098E,0x006B,107,107,OK
0x098F,0x0060,96,96,OK
0x0990,0x005D,93,93,OK
0x0991,0x0000,0,0,OK
0x0992,0x0000,0,0,OK
0x0993,0x1130,4400,4400,OK
0x0994,0x0000,0,0,OK
0x0995,0x0000,0,0,OK
0x0996,0x0000,0,0,OK
0x0997,0x000A,10,10,OK
0x0998,0x0000,0,0,OK
0x0999,0x0000,0,0,OK
0x099A,0x0000,0,0,OK
0x099B,0x0000,0,0,OK
0x099C,0x0000,0,0,OK
0x099D,0x0000,0,0,OK
0x099E,0x0000,0,0,OK
0x099F,0x0002,2,2,OK
0x09A0,0x0001,1,1,OK
0x09A1,0x1108,4360,4360,OK
0x09A2,0xFFFF,65535,-1,OK
0x09A3,0xFFFF,65535,-1,OK
0x09A4,0xFFFF,65535,-1,OK
0x09A5,0xFFFF,65535,-1,OK
0x09A6,0xFFFF,65535,-1,OK
0x09A7,0xFFFF,65535,-1,OK
0x09A8,0xFFFF,65535,-1,OK
0x09A9,0xFFFF,65535,-1,OK
0x09AA,0xFFFF,65535,-1,OK
0x09AB,0xFFFF,65535,-1,OK
0x09AC,0xFFFF,65535,-1,OK
0x09AD,0xFFFF,65535,-1,OK
0x09AE,0xFFFF,65535,-1,OK
0x09AF,0xFFFF,65535,-1,OK
0x09B0,0xFFFF,65535,-1,OK
0x09B1,0xFFFF,65535,-1,OK
0x09B2,0xFFFF,65535,-1,OK
0x09B3,0xFFFF,65535,-1,OK
0x09B4,0xFFFF,65535,-1,OK
0x09B5,0xFFFF,65535,-1,OK
0x09B6,0xFFFF,65535,-1,OK
0x09B7,0xFFFF,65535,-1,OK
0x09B8,0xFFFF,65535,-1,OK
0x09B9,0xFFFF,65535,-1,OK
0x09BA,0xFFFF,65535,-1,OK
0x09BB,0xFFFF,65535,-1,OK
0x09BC,0xFFFF,65535,-1,OK
0x09BD,0xFFFF,65535,-1,OK
0x09BE,0xFFFF,65535,-1,OK
0x09BF,0xFFFF,65535,-1,OK
0x09C0,0x0007,7,7,OK
0x09C1,0x0032,50,50,OK
0x09C2,0x0004,4,4,OK
0x09C3,0x0190,400,400,OK
0x09C4,0x0019,25,25,OK
0x09C5,0x03E8,1000,1000,OK
0x09C6,0x0032,50,50,OK
0x09C7,0x073A,1850,1850,OK
0x09C8,0x0032,50,50,OK
0x09C9,0x0BB8,3000,3000,OK
0x09CA,0x0000,0,0,OK
0x09CB,0x0000,0,0,OK
0x09CC,0x7530,30000,30000,OK
0x09CD,0x0078,120,120,OK
0x09CE,0x007D,125,125,OK
0x09CF,0x000C,12,12,OK
0x09D0,0x0078,120,120,OK
0x09D1,0x01F9,505,505,OK
0x09D2,0x0078,120,120,OK
0x09D3,0x1775,6005,6005,OK
0x09D4,0x0078,120,120,OK
0x09D5,0x177A,6010,6010,OK
0x09D6,0x0000,0,0,OK
0x09D7,0x0000,0,0,OK
0x09D8,0x7530,30000,30000,OK
0x09D9,0x0032,50,50,OK
0x09DA,0x0078,120,120,OK
0x09DB,0x0032,50,50,OK
0x09DC,0x0032,50,50,OK
0x09DD,0x0078,120,120,OK
0x09DE,0x0078,120,120,OK
0x09DF,0xFFFF,65535,-1,OK
0x09E0,0xFFFF,65535,-1,OK
0x09E1,0xFFFF,65535,-1,OK
0x09E2,0xFFFF,65535,-1,OK
0x09E3,0xFFFF,65535,-1,OK
0x09E4,0xFFFF,65535,-1,OK
0x09E5,0xFFFF,65535,-1,OK
0x09E6,0xFFFF,65535,-1,OK
0x09E7,0xFFFF,65535,-1,OK
0x09E8,0xFFFF,65535,-1,OK
0x09E9,0xFFFF,65535,-1,OK
0x09EA,0xFFFF,65535,-1,OK
0x09EB,0xFFFF,65535,-1,OK
0x09EC,0xFFFF,65535,-1,OK
0x09ED,0xFFFF,65535,-1,OK
0x09EE,0xFFFF,65535,-1,OK
0x09EF,0xFFFF,65535,-1,OK
0x09F0,0xFFFF,65535,-1,OK
0x09F1,0xFFFF,65535,-1,OK
0x09F2,0xFFFF,65535,-1,OK
0x09F3,0xFFFF,65535,-1,OK
0x09F4,0xFFFF,65535,-1,OK
0x09F5,0xFFFF,65535,-1,OK
0x09F6,0xFFFF,65535,-1,OK
0x09F7,0xFFFF,65535,-1,OK
0x09F8,0xFFFF,65535,-1,OK
0x09F9,0xFFFF,65535,-1,OK
0x09FA,0xFFFF,65535,-1,OK
0x09FB,0xFFFF,65535,-1,OK
0x09FC,0xFFFF,65535,-1,OK
0x09FD,0xFFFF,65535,-1,OK
0x09FE,0xFFFF,65535,-1,OK
0x09FF,0xFFFF,65535,-1,OK
0x0A00,0x0001,1,1,OK
0x0A01,0x0001,1,1,OK
0x0A02,0x0001,1,1,OK
0x0A03,0x0096,150,150,OK
0x0A04,0x000A,10,10,OK
0x0A05,0x0000,0,0,OK
0x0A06,0xFFFF,65535,-1,OK
0x0A07,0xFFFF,65535,-1,OK
0x0A08,0xFFFF,65535,-1,OK
0x0A09,0xFFFF,65535,-1,OK
0x0A0A,0xFFFF,65535,-1,OK
0x0A0B,0xFFFF,65535,-1,OK
0x0A0C,0xFFFF,65535,-1,OK
0x0A0D,0xFFFF,65535,-1,OK
0x0A0E,0xFFFF,65535,-1,OK
0x0A0F,0xFFFF,65535,-1,OK
0x0A10,0xFFFF,65535,-1,OK
0x0A11,0xFFFF,65535,-1,OK
0x0A12,0xFFFF,65535,-1,OK
0x0A13,0xFFFF,65535,-1,OK
0x0A14,0xFFFF,65535,-1,OK
0x0A15,0xFFFF,65535,-1,OK
0x0A16,0xFFFF,65535,-1,OK
0x0A17,0xFFFF,65535,-1,OK
0x0A18,0xFFFF,65535,-1,OK
0x0A19,0xFFFF,65535,-1,OK
0x0A1A,0xFFFF,65535,-1,OK
0x0A1B,0xFFFF,65535,-1,OK
0x0A1C,0xFFFF,65535,-1,OK
0x0A1D,0xFFFF,65535,-1,OK
0x0A1E,0xFFFF,65535,-1,OK
0x0A1F,0xFFFF,65535,-1,OK
0x0A20,0xFFFF,65535,-1,OK
0x0A21,0xFFFF,65535,-1,OK
0x0A22,0xFFFF,65535,-1,OK
0x0A23,0xFFFF,65535,-1,OK
0x0A24,0xFFFF,65535,-1,OK
0x0A25,0xFFFF,65535,-1,OK
0x0A26,0xFFFF,65535,-1,OK
0x0A27,0xFFFF,65535,-1,OK
0x0A28,0xFFFF,65535,-1,OK
0x0A29,0xFFFF,65535,-1,OK
0x0A2A,0xFFFF,65535,-1,OK
0x0A2B,0xFFFF,65535,-1,OK
0x0A2C,0xFFFF,65535,-1,OK
0x0A2D,0xFFFF,65535,-1,OK
0x0A2E,0xFFFF,65535,-1,OK
0x0A2F,0xFFFF,65535,-1,OK
0x0A30,0xFFFF,65535,-1,OK
0x0A31,0xFFFF,65535,-1,OK
0x0A32,0xFFFF,65535,-1,OK
0x0A33,0xFFFF,65535,-1,OK
0x0A34,0xFFFF,65535,-1,OK
0x0A35,0xFFFF,65535,-1,OK
0x0A36,0xFFFF,65535,-1,OK
0x0A37,0xFFFF,65535,-1,OK
0x0A38,0xFFFF,65535,-1,OK
0x0A39,0xFFFF,65535,-1,OK
0x0A3A,0xFFFF,65535,-1,OK
0x0A3B,0xFFFF,65535,-1,OK
0x0A3C,0xFFFF,65535,-1,OK
0x0A3D,0xFFFF,65535,-1,OK
0x0A3E,0xFFFF,65535,-1,OK
0x0A3F,0xFFFF,65535,-1,OK
0x1000,0x41FF,16895,16895,OK
0x1001,0x63FE,25598,25598,OK
0x1002,0x001E,30,30,OK
0x1003,0xFFFF,65535,-1,OK
0x1004,0x001A,26,26,OK
0x1005,0x0003,3,3,OK
0x1006,0x001B,27,27,OK
0x1007,0x0010,16,16,OK
0x1008,0x0039,57,57,OK
0x1009,0x0031,49,49,OK
0x100A,0x0000,0,0,OK
0x100B,0x0001,1,1,OK
0x100C,0x0001,1,1,OK
0x100D,0x0000,0,0,OK
0x100E,0x0000,0,0,OK
0x100F,0x0000,0,0,OK
0x1010,0x0000,0,0,OK
0x1011,0x0080,128,128,OK
0x1012,0x0000,0,0,OK
0x1013,0x0001,1,1,OK
0x1014,0x0002,2,2,OK
0x1015,0x0000,0,0,OK
0x1016,0x0000,0,0,OK
0x1017,0x0000,0,0,OK
0x1018,0x0000,0,0,OK
0x1019,0x0000,0,0,OK
0x101A,0x0000,0,0,OK
0x101B,0x0000,0,0,OK
0x101C,0x0000,0,0,OK
0x101D,0x0000,0,0,OK
0x101E,0x0000,0,0,OK
0x101F,0x0000,0,0,OK
0x1020,0x0000,0,0,OK
0x1021,0x0000,0,0,OK
0x1022,0x0000,0,0,OK
0x1023,0x0001,1,1,OK
0x1024,0x0000,0,0,OK
0x1025,0x0000,0,0,OK
0x1026,0x001E,30,30,OK
0x1027,0x0000,0,0,OK
0x1028,0x0000,0,0,OK
0x1029,0x0001,1,1,OK
0x102A,0x0000,0,0,OK
0x102B,0x0000,0,0,OK
0x102C,0x0000,0,0,OK
0x102D,0x0000,0,0,OK
0x102E,0x0000,0,0,OK
0x102F,0x0000,0,0,OK
0x1030,0x0000,0,0,OK
0x1031,0x0000,0,0,OK
0x1032,0x0000,0,0,OK
0x1033,0x0000,0,0,OK
0x1034,0x0001,1,1,OK
0x1035,0x0000,0,0,OK
0x1036,0x0001,1,1,OK
0x1037,0x0000,0,0,OK
0x1038,0x0001,1,1,OK
0x1039,0x0000,0,0,OK
0x103A,0x0000,0,0,OK
0x103B,0x0000,0,0,OK
0x103C,0x0000,0,0,OK
0x103D,0x0000,0,0,OK
0x103E,0x0000,0,0,OK
0x103F,0x007F,127,127,OK
0x1040,0x0000,0,0,OK
0x1041,0x0004,4,4,OK
0x1042,0x07FF,2047,2047,OK
0x1043,0xFFFF,65535,-1,OK
0x1044,0x0000,0,0,OK
0x1045,0x0001,1,1,OK
0x1046,0x0001,1,1,OK
0x1047,0x1388,5000,5000,OK
0x1048,0x0000,0,0,OK
0x1049,0x0000,0,0,OK
0x104A,0x01A4,420,420,OK
0x104B,0x0DAC,3500,3500,OK
0x104C,0x0DAC,3500,3500,OK
0x104D,0x0050,80,80,OK
0x104E,0x0050,80,80,OK
0x104F,0x002E,46,46,OK
0x1050,0x1194,4500,4500,OK
0x1051,0x0000,0,0,OK
0x1052,0x0005,5,5,OK
0x1053,0x0000,0,0,OK
0x1054,0x0010,16,16,OK
0x1055,0x0010,16,16,OK
0x1056,0x0010,16,16,OK
0x1057,0xFFD9,65497,-39,OK
0x1058,0x0078,120,120,OK
0x1059,0x0000,0,0,OK
0x105A,0x0A8C,2700,2700,OK
0x105B,0x0000,0,0,OK
0x105C,0x0000,0,0,OK
0x105D,0x0000,0,0,OK
0x105E,0x0000,0,0,OK
0x105F,0x0000,0,0,OK
0x1060,0x0001,1,1,OK
0x1061,0x0000,0,0,OK
0x1062,0x0028,40,40,OK
0x1063,0x0000,0,0,OK
0x1064,0x0001,1,1,OK
0x1065,0x0000,0,0,OK
0x1066,0x0000,0,0,OK
0x1067,0x0000,0,0,OK
0x1068,0x0000,0,0,OK
0x1069,0x0000,0,0,OK
0x106A,0x0000,0,0,OK
0x106B,0x001E,30,30,OK
0x106C,0x0000,0,0,OK
0x106D,0x0000,0,0,OK
0x106E,0x0000,0,0,OK
0x106F,0x0000,0,0,OK
0x1070,0x0000,0,0,OK
0x1071,0x0000,0,0,OK
0x1072,0x0000,0,0,OK
0x1073,0x0001,1,1,OK
0x1074,0x0000,0,0,OK
0x1075,0x0000,0,0,OK
0x1076,0x0000,0,0,OK
0x1077,0x0000,0,0,OK
0x1078,0x0000,0,0,OK
0x1079,0x0000,0,0,OK
0x107A,0x0000,0,0,OK
0x107B,0x0000,0,0,OK
0x107C,0x0000,0,0,OK
0x107D,0x0000,0,0,OK
0x107E,0x0000,0,0,OK
0x107F,0x0000,0,0,OK
0x1080,0x0000,0,0,OK
0x1081,0x0020,32,32,OK
0x1082,0x0000,0,0,OK
0x1083,0x000F,15,15,OK
0x1084,0x0000,0,0,OK
0x1085,0x0000,0,0,OK
0x1086,0x0000,0,0,OK
0x1087,0x0000,0,0,OK
0x1088,0x0000,0,0,OK
0x1089,0x0000,0,0,OK
0x108A,0x0000,0,0,OK
0x108B,0x0000,0,0,OK
0x108C,0x0000,0,0,OK
0x108D,0x0000,0,0,OK
0x108E,0x0000,0,0,OK
0x108F,0x0000,0,0,OK
0x1090,0x0000,0,0,OK
0x1091,0x0000,0,0,OK
0x1092,0x0000,0,0,OK
0x1093,0x0000,0,0,OK
0x1094,0x0000,0,0,OK
0x1095,0x0000,0,0,OK
0x1096,0x0000,0,0,OK
0x1097,0x0000,0,0,OK
0x1098,0x0000,0,0,OK
0x1099,0x0000,0,0,OK
0x109A,0x0000,0,0,OK
0x109B,0x0000,0,0,OK
0x109C,0x0000,0,0,OK
0x109D,0x0000,0,0,OK
0x109E,0x0000,0,0,OK
0x109F,0x0000,0,0,OK
0x10A0,0x0000,0,0,OK
0x10A1,0x0000,0,0,OK
0x10A2,0x0000,0,0,OK
0x10A3,0x0000,0,0,OK
0x10A4,0x0000,0,0,OK
0x10A5,0x0001,1,1,OK
0x10A6,0x0000,0,0,OK
0x10A7,0x0000,0,0,OK
0x10A8,0x0000,0,0,OK
0x10A9,0x0000,0,0,OK
0x10AA,0x0000,0,0,OK
0x10AB,0x0000,0,0,OK
0x10AC,0x0000,0,0,OK
0x10AD,0x0000,0,0,OK
0x10AE,0x0000,0,0,OK
0x10AF,0x0000,0,0,OK
0x10B0,0x0000,0,0,OK
0x10B1,0x0000,0,0,OK
0x10B2,0x0000,0,0,OK
0x10B3,0x0000,0,0,OK
0x10B4,0x0000,0,0,OK
0x10B5,0x0000,0,0,OK
0x10B6,0x0000,0,0,OK
0x10B7,0x0000,0,0,OK
0x10B8,0x0000,0,0,OK
0x10B9,0x0000,0,0,OK
0x10BA,0x0000,0,0,OK
0x10BB,0x0000,0,0,OK
0x10BC,0x0000,0,0,OK
0x10BD,0x0000,0,0,OK
0x10BE,0x0000,0,0,OK
0x10BF,0x0000,0,0,OK
0x1100,0x000F,15,15,OK
0x1101,0xFFFF,65535,-1,OK
0x1102,0xFFFF,65535,-1,OK
0x1103,0x0FFF,4095,4095,OK
0x1104,0x0001,1,1,OK
0x1105,0x0000,0,0,OK
0x1106,0x03E8,1000,1000,OK
0x1107,0x03E8,1000,1000,OK
0x1108,0x0000,0,0,OK
0x1109,0x0064,100,100,OK
0x110A,0x0064,100,100,OK
0x110B,0x0001,1,1,OK
0x110C,0x0000,0,0,OK
0x110D,0x0000,0,0,OK
0x110E,0x0000,0,0,OK
0x110F,0x0000,0,0,OK
0x1110,0x0004,4,4,OK
0x1111,0x0000,0,0,OK
0x1112,0x0003,3,3,OK
0x1113,0x1000,4096,4096,OK
0x1114,0x1700,5888,5888,OK
0x1115,0x0800,2048,2048,OK
0x1116,0x0F00,3840,3840,OK
0x1117,0x0000,0,0,OK
0x1118,0x09C4,2500,2500,OK
0x1119,0x0000,0,0,OK
0x111A,0x0BB8,3000,3000,OK
0x111B,0x0000,0,0,OK
0x111C,0x0000,0,0,OK
0x111D,0x0000,0,0,OK
0x111E,0x0000,0,0,OK
0x111F,0x0000,0,0,OK
0x1120,0x0000,0,0,OK
0x1121,0x0001,1,1,OK
0x1122,0x0000,0,0,OK
0x1123,0x173B,5947,5947,OK
0x1124,0x001E,30,30,OK
0x1125,0x0000,0,0,OK
0x1126,0x1194,4500,4500,OK
0x1127,0x0101,257,257,OK
0x1128,0x0C1F,3103,3103,OK
0x1129,0x007F,127,127,OK
0x112A,0x0000,0,0,OK
0x112B,0x0000,0,0,OK
0x112C,0x0000,0,0,OK
0x112D,0x0000,0,0,OK
0x112E,0x0000,0,0,OK
0x112F,0x0000,0,0,OK
0x1130,0x0000,0,0,OK
0x1131,0x0000,0,0,OK
0x1132,0x0000,0,0,OK
0x1133,0x0000,0,0,OK
0x1134,0x0000,0,0,OK
0x1135,0x0000,0,0,OK
0x1136,0x0000,0,0,OK
0x1137,0x0000,0,0,OK
0x1138,0x0000,0,0,OK
0x1139,0x0000,0,0,OK
0x113A,0x0000,0,0,OK
0x113B,0x03E8,1000,1000,OK
0x113C,0x0000,0,0,OK
0x113D,0x0000,0,0,OK
0x113E,0x0000,0,0,OK
0x113F,0x0000,0,0,OK
0x1140,0x0000,0,0,OK
0x1141,0x0000,0,0,OK
0x1142,0x0000,0,0,OK
0x1143,0x007F,127,127,OK
0x1144,0x0000,0,0,OK
0x1145,0x00C8,200,200,OK
0x1146,0x0001,1,1,OK
0x1147,0x0000,0,0,OK
0x1148,0x0000,0,0,OK
0x1149,0x0000,0,0,OK
0x114A,0x0000,0,0,OK
0x114B,0x0000,0,0,OK
0x114C,0x0000,0,0,OK
0x114D,0x0000,0,0,OK
0x114E,0x0000,0,0,OK
0x114F,0x0000,0,0,OK
0x1150,0x0000,0,0,OK
0x1151,0x0000,0,0,OK
0x1152,0x0000,0,0,OK
0x1153,0x0000,0,0,OK
0x1154,0x0000,0,0,OK
0x1155,0x0000,0,0,OK
0x1156,0x0000,0,0,OK
0x1157,0x0000,0,0,OK
0x1158,0x0000,0,0,OK
0x1159,0x0000,0,0,OK
0x115A,0x0000,0,0,OK
0x115B,0x0000,0,0,OK
0x115C,0x0000,0,0,OK
0x115D,0x0000,0,0,OK
0x115E,0x0000,0,0,OK
0x115F,0x0000,0,0,OK
0x1160,0x0000,0,0,OK
0x1161,0x0000,0,0,OK
0x1162,0x0000,0,0,OK
0x1163,0x0000,0,0,OK
0x1164,0x0000,0,0,OK
0x1165,0x0000,0,0,OK
0x1166,0x0000,0,0,OK
0x1167,0x0000,0,0,OK
0x1168,0x0000,0,0,OK
0x1169,0x0000,0,0,OK
0x116A,0x0000,0,0,OK
0x116B,0x0000,0,0,OK
0x116C,0x0000,0,0,OK
0x116D,0x0000,0,0,OK
0x116E,0x0000,0,0,OK
0x116F,0x0000,0,0,OK
0x1170,0x0000,0,0,OK
0x1171,0x0000,0,0,OK
0x1172,0x0000,0,0,OK
0x1173,0x0000,0,0,OK
0x1174,0x0000,0,0,OK
0x1175,0x0000,0,0,OK
0x1176,0x0000,0,0,OK
0x1177,0x0000,0,0,OK
0x1178,0x0000,0,0,OK
0x1179,0x0000,0,0,OK
0x117A,0x0000,0,0,OK
0x117B,0x0000,0,0,OK
0x117C,0x0000,0,0,OK
0x117D,0x0000,0,0,OK
0x117E,0x0000,0,0,OK
0x117F,0x0000,0,0,OK
0x1180,0x0000,0,0,OK
0x1181,0x03FF,1023,1023,OK
0x1182,0xFFFF,65535,-1,OK
0x1183,0xFFFF,65535,-1,OK
0x1184,0x0000,0,0,OK
0x1185,0x0000,0,0,OK
0x1186,0x0000,0,0,OK
0x1187,0x0000,0,0,OK
0x1188,0x0000,0,0,OK
0x1189,0x0000,0,0,OK
0x118A,0x0000,0,0,OK
0x118B,0x0000,0,0,OK
0x118C,0x0000,0,0,OK
0x118D,0x0000,0,0,OK
0x118E,0x0000,0,0,OK
0x118F,0x0000,0,0,OK
0x1190,0x0000,0,0,OK
0x1191,0x0000,0,0,OK
0x1192,0x0000,0,0,OK
0x1193,0x0000,0,0,OK
0x1194,0x0000,0,0,OK
0x1195,0x0000,0,0,OK
0x1196,0x0000,0,0,OK
0x1197,0x0000,0,0,OK
0x1198,0x0000,0,0,OK
0x1199,0x0000,0,0,OK
0x119A,0x0000,0,0,OK
0x119B,0x0000,0,0,OK
0x119C,0x0000,0,0,OK
0x119D,0x0000,0,0,OK
0x119E,0x0000,0,0,OK
0x119F,0x0000,0,0,OK
0x11A0,0x0000,0,0,OK
0x11A1,0x0000,0,0,OK
0x11A2,0x0000,0,0,OK
0x11A3,0x0000,0,0,OK
0x11A4,0x0000,0,0,OK
0x11A5,0x0000,0,0,OK
0x11A6,0x0000,0,0,OK
0x11A7,0x0000,0,0,OK
0x11A8,0x0000,0,0,OK
0x11A9,0x0000,0,0,OK
0x11AA,0x0000,0,0,OK
0x11AB,0x0000,0,0,OK
0x11AC,0x0000,0,0,OK
0x11AD,0x0000,0,0,OK
0x11AE,0x0000,0,0,OK
0x11AF,0x0000,0,0,OK
0x11B0,0x0000,0,0,OK
0x11B1,0x0000,0,0,OK
0x11B2,0x0000,0,0,OK
0x11B3,0x0000,0,0,OK
0x11B4,0x0000,0,0,OK
0x11B5,0x0000,0,0,OK
0x11B6,0x0000,0,0,OK
0x11B7,0x0000,0,0,OK
0x11B8,0x0000,0,0,OK
0x11B9,0x0000,0,0,OK
0x11BA,0x0000,0,0,OK
0x11BB,0x0000,0,0,OK
0x11BC,0x0000,0,0,OK
0x11BD,0x0000,0,0,OK
0x11BE,0x0000,0,0,OK
0x11BF,0x0000,0,0,OK
0x11C0,0x0000,0,0,OK
0x11C1,0x0000,0,0,OK
0x11C2,0x0000,0,0,OK
0x11C3,0x000F,15,15,OK
0x11C4,0x0000,0,0,OK
0x11C5,0x0000,0,0,OK
0x11C6,0x0000,0,0,OK
0x11C7,0x0000,0,0,OK
0x11C8,0x0000,0,0,OK
0x11C9,0x0000,0,0,OK
0x11CA,0x0000,0,0,OK
0x11CB,0x0000,0,0,OK
0x11CC,0x0000,0,0,OK
0x11CD,0x0000,0,0,OK
0x11CE,0x0000,0,0,OK
0x11CF,0x0000,0,0,OK
0x11D0,0x0000,0,0,OK
0x11D1,0x0000,0,0,OK
0x11D2,0x0000,0,0,OK
0x11D3,0x0000,0,0,OK
0x11D4,0x0000,0,0,OK
0x11D5,0x0000,0,0,OK
0x11D6,0x0000,0,0,OK
0x11D7,0x0000,0,0,OK
0x11D8,0x0000,0,0,OK
0x11D9,0x0000,0,0,OK
0x11DA,0x0000,0,0,OK
0x11DB,0x0000,0,0,OK
0x11DC,0x0000,0,0,OK
0x11DD,0x0000,0,0,OK
0x11DE,0x0000,0,0,OK
0x11DF,0x0000,0,0,OK
0x11E0,0x0000,0,0,OK
0x11E1,0x0000,0,0,OK
0x11E2,0x0000,0,0,OK
0x11E3,0x0000,0,0,OK
0x11E4,0x0000,0,0,OK
0x11E5,0x0000,0,0,OK
0x11E6,0x0000,0,0,OK
0x11E7,0x0000,0,0,OK
0x11E8,0x0000,0,0,OK
0x11E9,0x0000,0,0,OK
0x11EA,0x0000,0,0,OK
0x11EB,0x0000,0,0,OK
0x11EC,0x0000,0,0,OK
0x11ED,0x0000,0,0,OK
0x11EE,0x0000,0,0,OK
0x11EF,0x0000,0,0,OK
0x11F0,0x0000,0,0,OK
0x11F1,0x0000,0,0,OK
0x11F2,0x0000,0,0,OK
0x11F3,0x0000,0,0,OK
0x11F4,0x0000,0,0,OK
0x11F5,0x0000,0,0,OK
0x11F6,0x0000,0,0,OK
0x11F7,0x0000,0,0,OK
0x11F8,0x0000,0,0,OK
0x11F9,0x0000,0,0,OK
0x11FA,0x0000,0,0,OK
0x11FB,0x0000,0,0,OK
0x11FC,0x0000,0,0,OK
0x11FD,0x0000,0,0,OK
0x11FE,0x0000,0,0,OK
0x11FF,0x0000,0,0,OK
0x1300,0x001F,31,31,OK
0x1301,0xFFFF,65535,-1,OK
0x1302,0xFFFF,65535,-1,OK
0x1303,0xFFFF,65535,-1,OK
0x1304,0x09E2,2530,2530,OK
0x1305,0x0384,900,900,OK
0x1306,0x0000,0,0,OK
0x1307,0x0000,0,0,OK
0x1308,0x0A55,2645,2645,OK
0x1309,0x00C8,200,200,OK
0x130A,0x0000,0,0,OK
0x130B,0x0000,0,0,OK
0x130C,0x0000,0,0,OK
0x130D,0x0000,0,0,OK
0x130E,0x0000,0,0,OK
0x130F,0x0000,0,0,OK
0x1310,0x0000,0,0,OK
0x1311,0x0000,0,0,OK
0x1312,0x0000,0,0,OK
0x1313,0x0000,0,0,OK
0x1314,0x0000,0,0,OK
0x1315,0x0000,0,0,OK
0x1316,0x0000,0,0,OK
0x1317,0x0000,0,0,OK
0x1318,0x0000,0,0,OK
0x1319,0x0000,0,0,OK
0x131A,0x0000,0,0,OK
0x131B,0x0000,0,0,OK
0x131C,0x0000,0,0,OK
0x131D,0x0000,0,0,OK
0x131E,0x0000,0,0,OK
0x131F,0x0000,0,0,OK
0x1320,0x0000,0,0,OK
0x1321,0x0000,0,0,OK
0x1322,0x0000,0,0,OK
0x1323,0x0000,0,0,OK
0x1324,0x0000,0,0,OK
0x1325,0x0000,0,0,OK
0x1326,0x0000,0,0,OK
0x1327,0x0000,0,0,OK
0x1328,0x0000,0,0,OK
0x1329,0x0000,0,0,OK
0x132A,0x0000,0,0,OK
0x132B,0x0000,0,0,OK
0x132C,0x0000,0,0,OK
0x132D,0x0000,0,0,OK
0x132E,0x0000,0,0,OK
0x132F,0x0000,0,0,OK
0x1330,0x0000,0,0,OK
0x1331,0x0000,0,0,OK
0x1332,0x0000,0,0,OK
0x1333,0x0000,0,0,OK
0x1334,0x0000,0,0,OK
0x1335,0x0000,0,0,OK
0x1336,0x0000,0,0,OK
0x1337,0x0000,0,0,OK
0x1338,0x0000,0,0,OK
0x1339,0x0000,0,0,OK
0x133A,0x0000,0,0,OK
0x133B,0x0000,0,0,OK
0x133C,0x0000,0,0,OK
0x133D,0x0000,0,0,OK
0x133E,0x0000,0,0,OK
0x133F,0x0000,0,0,OK
0x1480,0x0091,145,145,OK
0x1481,0x0091,145,145,OK
0x1482,0x0091,145,145,OK
0x1483,0x1A03,6659,6659,OK
0x1484,0x1B0A,6922,6922,OK
0x1485,0x3102,12546,12546,OK
0x1486,0x0069,105,105,OK
0x1487,0x1A03,6659,6659,OK
0x1488,0x1B09,6921,6921,OK
0x1489,0x2103,8451,8451,OK
0x148A,0x009D,157,157,OK
0x148B,0x1A03,6659,6659,OK
0x148C,0x0091,145,145,OK
0x148D,0x1A03,6659,6659,OK
0x148E,0x1B0A,6922,6922,OK
0x148F,0x3102,12546,12546,OK
0x1490,0x0069,105,105,OK
0x1491,0x1A03,6659,6659,OK
0x1492,0x1B09,6921,6921,OK
0x1493,0x2103,8451,8451,OK
0x1494,0x009D,157,157,OK
0x1495,0x1A03,6659,6659,OK
0x1496,0x0091,145,145,OK
0x1497,0x1A03,6659,6659,OK
0x1498,0x1B0A,6922,6922,OK
0x1499,0x3102,12546,12546,OK
0x149A,0x0069,105,105,OK
0x149B,0x1A03,6659,6659,OK
0x149C,0x1B09,6921,6921,OK
0x149D,0x2103,8451,8451,OK
0x149E,0x009D,157,157,OK
0x149F,0x1A03,6659,6659,OK
0x14A0,0x0091,145,145,OK
0x14A1,0x1A03,6659,6659,OK
0x14A2,0x1B0A,6922,6922,OK
0x14A3,0x3102,12546,12546,OK
0x14A4,0x0069,105,105,OK
0x14A5,0x1A03,6659,6659,OK
0x14A6,0x1B09,6921,6921,OK
0x14A7,0x2103,8451,8451,OK
0x14A8,0x009D,157,157,OK
0x14A9,0x1A03,6659,6659,OK
0x14AA,0x0069,105,105,OK
0x14AB,0x1A03,6659,6659,OK
0x14AC,0x1A17,6679,6679,OK
0x14AD,0x2823,10275,10275,OK
0x14AE,0x009D,157,157,OK
0x14AF,0x1A03,6659,6659,OK
0x14B0,0x1A17,6679,6679,OK
0x14B1,0x281D,10269,10269,OK
0x14B2,0x0091,145,145,OK
0x14B3,0x1A03,6659,6659,OK
0x14B4,0x0069,105,105,OK
0x14B5,0x1A03,6659,6659,OK
0x14B6,0x1A17,6679,6679,OK
0x14B7,0x2823,10275,10275,OK
0x14B8,0x009D,157,157,OK
0x14B9,0x1A03,6659,6659,OK
0x14BA,0x1A17,6679,6679,OK
0x14BB,0x281D,10269,10269,OK
0x14BC,0x0091,145,145,OK
0x14BD,0x1A03,6659,6659,OK
0x14BE,0x0069,105,105,OK
0x14BF,0x1A03,6659,6659,OK
0x14C0,0x1A17,6679,6679,OK
0x14C1,0x2823,10275,10275,OK
0x14C2,0x009D,157,157,OK
0x14C3,0x1A03,6659,6659,OK
0x14C4,0x1A17,6679,6679,OK
0x14C5,0x281D,10269,10269,OK
0x14C6,0x0091,145,145,OK
0x14C7,0x1A03,6659,6659,OK
0x14C8,0x0069,105,105,OK
0x14C9,0x1A03,6659,6659,OK
0x14CA,0x1A17,6679,6679,OK
0x14CB,0x2823,10275,10275,OK
0x14CC,0x009D,157,157,OK
0x14CD,0x1A03,6659,6659,OK
0x14CE,0x1A17,6679,6679,OK
0x14CF,0x281D,10269,10269,OK
0x14D0,0x0091,145,145,OK
0x14D1,0x1A03,6659,6659,OK
0x14D2,0x0091,145,145,OK
0x14D3,0x1A03,6659,6659,OK
0x14D4,0x1A0A,6666,6666,OK
0x14D5,0x270B,9995,9995,OK
0x14D6,0x0069,105,105,OK
0x14D7,0x1A03,6659,6659,OK
0x14D8,0x1A09,6665,6665,OK
0x14D9,0x170C,5900,5900,OK
0x14DA,0x009D,157,157,OK
0x14DB,0x1A03,6659,6659,OK
0x14DC,0x0091,145,145,OK
0x14DD,0x1A03,6659,6659,OK
0x14DE,0x1A0A,6666,6666,OK
0x14DF,0x270B,9995,9995,OK
0x14E0,0x0069,105,105,OK
0x14E1,0x1A03,6659,6659,OK
0x14E2,0x1A09,6665,6665,OK
0x14E3,0x170C,5900,5900,OK
0x14E4,0x009D,157,157,OK
0x14E5,0x1A03,6659,6659,OK
0x14E6,0x0091,145,145,OK
0x14E7,0x1A03,6659,6659,OK
0x14E8,0x1A0A,6666,6666,OK
0x14E9,0x270B,9995,9995,OK
0x14EA,0x0069,105,105,OK
0x14EB,0x1A03,6659,6659,OK
0x14EC,0x1A09,6665,6665,OK
0x14ED,0x170C,5900,5900,OK
0x14EE,0x009D,157,157,OK
0x14EF,0x1A03,6659,6659,OK
0x14F0,0x0091,145,145,OK
0x14F1,0x1A03,6659,6659,OK
0x14F2,0x1A0A,6666,6666,OK
0x14F3,0x270B,9995,9995,OK
0x14F4,0x0069,105,105,OK
0x14F5,0x1A03,6659,6659,OK
0x14F6,0x1A09,6665,6665,OK
0x14F7,0x170C,5900,5900,OK
0x14F8,0x009D,157,157,OK
0x14F9,0x1A03,6659,6659,OK
0x14FA,0x009D,157,157,OK
0x14FB,0x1A03,6659,6659,OK
0x14FC,0x1917,6423,6423,OK
0x14FD,0x063A,1594,1594,OK
0x14FE,0x0091,145,145,OK
0x14FF,0x1A03,6659,6659,OK
0x1500,0x1915,6421,6421,OK
0x1501,0x0521,1313,1313,OK
0x1502,0x0069,105,105,OK
0x1503,0x1A03,6659,6659,OK
0x1504,0x009D,157,157,OK
0x1505,0x1A03,6659,6659,OK
0x1506,0x1917,6423,6423,OK
0x1507,0x063A,1594,1594,OK
0x1508,0x0091,145,145,OK
0x1509,0x1A03,6659,6659,OK
0x150A,0x1915,6421,6421,OK
0x150B,0x0521,1313,1313,OK
0x150C,0x0069,105,105,OK
0x150D,0x1A03,6659,6659,OK
0x150E,0x009D,157,157,OK
0x150F,0x1A03,6659,6659,OK
0x1510,0x1917,6423,6423,OK
0x1511,0x063A,1594,1594,OK
0x1512,0x0091,145,145,OK
0x1513,0x1A03,6659,6659,OK
0x1514,0x1915,6421,6421,OK
0x1515,0x0521,1313,1313,OK
0x1516,0x0069,105,105,OK
0x1517,0x1A03,6659,6659,OK
0x1518,0x009D,157,157,OK
0x1519,0x1A03,6659,6659,OK
0x151A,0x1917,6423,6423,OK
0x151B,0x063A,1594,1594,OK
0x151C,0x0091,145,145,OK
0x151D,0x1A03,6659,6659,OK
0x151E,0x1915,6421,6421,OK
0x151F,0x0521,1313,1313,OK
0x1520,0x0069,105,105,OK
0x1521,0x1A03,6659,6659,OK
0x1522,0x0091,145,145,OK
0x1523,0x1A03,6659,6659,OK
0x1524,0x1905,6405,6405,OK
0x1525,0x1B1D,6941,6941,OK
0x1526,0x0069,105,105,OK
0x1527,0x1A03,6659,6659,OK
0x1528,0x1904,6404,6404,OK
0x1529,0x0B1D,2845,2845,OK
0x152A,0x009D,157,157,OK
0x152B,0x1A03,6659,6659,OK
0x152C,0x0091,145,145,OK
0x152D,0x1A03,6659,6659,OK
0x152E,0x1905,6405,6405,OK
0x152F,0x1B1D,6941,6941,OK
0x1530,0x0069,105,105,OK
0x1531,0x1A03,6659,6659,OK
0x1532,0x1904,6404,6404,OK
0x1533,0x0B1D,2845,2845,OK
0x1534,0x009D,157,157,OK
0x1535,0x1A03,6659,6659,OK
0x1536,0x0091,145,145,OK
0x1537,0x1A03,6659,6659,OK
0x1538,0x1905,6405,6405,OK
0x1539,0x1B1D,6941,6941,OK
0x153A,0x0069,105,105,OK
0x153B,0x1A03,6659,6659,OK
0x153C,0x1904,6404,6404,OK
0x153D,0x0B1D,2845,2845,OK
0x153E,0x009D,157,157,OK
0x153F,0x1A03,6659,6659,OK
0x1540,0x0091,145,145,OK
0x1541,0x1A03,6659,6659,OK
0x1542,0x1905,6405,6405,OK
0x1543,0x1B1D,6941,6941,OK
0x1544,0x0069,105,105,OK
0x1545,0x1A03,6659,6659,OK
0x1546,0x1904,6404,6404,OK
0x1547,0x0B1D,2845,2845,OK
0x1548,0x009D,157,157,OK
0x1549,0x1A03,6659,6659,OK
0x154A,0x009D,157,157,OK
0x154B,0x1A03,6659,6659,OK
0x154C,0x1807,6151,6151,OK
0x154D,0x1E16,7702,7702,OK
0x154E,0x0091,145,145,OK
0x154F,0x1A03,6659,6659,OK
0x1550,0x1805,6149,6149,OK
0x1551,0x1C3A,7226,7226,OK
0x1552,0x0069,105,105,OK
0x1553,0x1A03,6659,6659,OK
0x1554,0x009D,157,157,OK
0x1555,0x1A03,6659,6659,OK
0x1556,0x1807,6151,6151,OK
0x1557,0x1E16,7702,7702,OK
0x1558,0x0091,145,145,OK
0x1559,0x1A03,6659,6659,OK
0x155A,0x1805,6149,6149,OK
0x155B,0x1C3A,7226,7226,OK
0x155C,0x0069,105,105,OK
0x155D,0x1A03,6659,6659,OK
0x155E,0x009D,157,157,OK
0x155F,0x1A03,6659,6659,OK
0x1560,0x1807,6151,6151,OK
0x1561,0x1E16,7702,7702,OK
0x1562,0x0091,145,145,OK
0x1563,0x1A03,6659,6659,OK
0x1564,0x1805,6149,6149,OK
0x1565,0x1C3A,7226,7226,OK
0x1566,0x0069,105,105,OK
0x1567,0x1A03,6659,6659,OK
0x1568,0x009D,157,157,OK
0x1569,0x1A03,6659,6659,OK
0x156A,0x1807,6151,6151,OK
0x156B,0x1E16,7702,7702,OK
0x156C,0x0091,145,145,OK
0x156D,0x1A03,6659,6659,OK
0x156E,0x1805,6149,6149,OK
0x156F,0x1C3A,7226,7226,OK
0x1570,0x0069,105,105,OK
0x1571,0x1A03,6659,6659,OK
0x1572,0x0091,145,145,OK
0x1573,0x1A03,6659,6659,OK
0x1574,0x1713,5907,5907,OK
0x1575,0x2413,9235,9235,OK
0x1576,0x0091,145,145,OK
0x1577,0x1A03,6659,6659,OK
0x1578,0x1712,5906,5906,OK
0x1579,0x0327,807,807,OK
0x157A,0x0069,105,105,OK
0x157B,0x1A03,6659,6659,OK
0x157C,0x0091,145,145,OK
0x157D,0x1A03,6659,6659,OK
0x157E,0x1713,5907,5907,OK
0x157F,0x2413,9235,9235,OK
0x1580,0x0091,145,145,OK
0x1581,0x1A03,6659,6659,OK
0x1582,0x1712,5906,5906,OK
0x1583,0x0327,807,807,OK
0x1584,0x0069,105,105,OK
0x1585,0x1A03,6659,6659,OK
0x1586,0x0091,145,145,OK
0x1587,0x1A03,6659,6659,OK
0x1588,0x1713,5907,5907,OK
0x1589,0x2413,9235,9235,OK
0x158A,0x0091,145,145,OK
0x158B,0x1A03,6659,6659,OK
0x158C,0x1712,5906,5906,OK
0x158D,0x0327,807,807,OK
0x158E,0x0069,105,105,OK
0x158F,0x1A03,6659,6659,OK
0x1590,0x0091,145,145,OK
0x1591,0x1A03,6659,6659,OK
0x1592,0x1713,5907,5907,OK
0x1593,0x2413,9235,9235,OK
0x1594,0x0091,145,145,OK
0x1595,0x1A03,6659,6659,OK
0x1596,0x1712,5906,5906,OK
0x1597,0x0327,807,807,OK
0x1598,0x0069,105,105,OK
0x1599,0x1A03,6659,6659,OK
0x159A,0x009D,157,157,OK
0x159B,0x1A03,6659,6659,OK
0x159C,0x170A,5898,5898,OK
0x159D,0x0C21,3105,3105,OK
0x159E,0x0091,145,145,OK
0x159F,0x1A03,6659,6659,OK
0x15A0,0x1708,5896,5896,OK
0x15A1,0x0B09,2825,2825,OK
0x15A2,0x0069,105,105,OK
0x15A3,0x1A03,6659,6659,OK
0x15A4,0x009D,157,157,OK
0x15A5,0x1A03,6659,6659,OK
0x15A6,0x170A,5898,5898,OK
0x15A7,0x0C21,3105,3105,OK
0x15A8,0x0091,145,145,OK
0x15A9,0x1A03,6659,6659,OK
0x15AA,0x1708,5896,5896,OK
0x15AB,0x0B09,2825,2825,OK
0x15AC,0x0069,105,105,OK
0x15AD,0x1A03,6659,6659,OK
0x15AE,0x009D,157,157,OK
0x15AF,0x1A03,6659,6659,OK
0x15B0,0x170A,5898,5898,OK
0x15B1,0x0C21,3105,3105,OK
0x15B2,0x0091,145,145,OK
0x15B3,0x1A03,6659,6659,OK
0x15B4,0x1708,5896,5896,OK
0x15B5,0x0B09,2825,2825,OK
0x15B6,0x0069,105,105,OK
0x15B7,0x1A03,6659,6659,OK
0x15B8,0x009D,157,157,OK
0x15B9,0x1A03,6659,6659,OK
0x15BA,0x170A,5898,5898,OK
0x15BB,0x0C21,3105,3105,OK
0x15BC,0x0091,145,145,OK
0x15BD,0x1A03,6659,6659,OK
0x15BE,0x1708,5896,5896,OK
0x15BF,0x0B09,2825,2825,OK
0x15C0,0x0069,105,105,OK
0x15C1,0x1A03,6659,6659,OK
0x15C2,0x0091,145,145,OK
0x15C3,0x1A03,6659,6659,OK
0x15C4,0x1616,5654,5654,OK
0x15C5,0x1229,4649,4649,OK
0x15C6,0x0069,105,105,OK
0x15C7,0x1A03,6659,6659,OK
0x15C8,0x1615,5653,5653,OK
0x15C9,0x022A,554,554,OK
0x15CA,0x009D,157,157,OK
0x15CB,0x1A03,6659,6659,OK
0x15CC,0x0091,145,145,OK
0x15CD,0x1A03,6659,6659,OK
0x15CE,0x1616,5654,5654,OK
0x15CF,0x1229,4649,4649,OK
0x15D0,0x0069,105,105,OK
0x15D1,0x1A03,6659,6659,OK
0x15D2,0x1615,5653,5653,OK
0x15D3,0x022A,554,554,OK
0x15D4,0x009D,157,157,OK
0x15D5,0x1A03,6659,6659,OK
0x15D6,0x0091,145,145,OK
0x15D7,0x1A03,6659,6659,OK
0x15D8,0x1616,5654,5654,OK
0x15D9,0x1229,4649,4649,OK
0x15DA,0x0069,105,105,OK
0x15DB,0x1A03,6659,6659,OK
0x15DC,0x1615,5653,5653,OK
0x15DD,0x022A,554,554,OK
0x15DE,0x009D,157,157,OK
0x15DF,0x1A03,6659,6659,OK
0x15E0,0x0091,145,145,OK
0x15E1,0x1A03,6659,6659,OK
0x15E2,0x1616,5654,5654,OK
0x15E3,0x1229,4649,4649,OK
0x15E4,0x0069,105,105,OK
0x15E5,0x1A03,6659,6659,OK
0x15E6,0x1615,5653,5653,OK
0x15E7,0x022A,554,554,OK
0x15E8,0x009D,157,157,OK
0x15E9,0x1A03,6659,6659,OK
0x15EA,0x0069,105,105,OK
0x15EB,0x1A03,6659,6659,OK
0x15EC,0x160A,5642,5642,OK
0x15ED,0x1C0F,7183,7183,OK
0x15EE,0x009D,157,157,OK
0x15EF,0x1A03,6659,6659,OK
0x15F0,0x160A,5642,5642,OK
0x15F1,0x1C09,7177,7177,OK
0x15F2,0x0091,145,145,OK
0x15F3,0x1A03,6659,6659,OK
0x15F4,0x0069,105,105,OK
0x15F5,0x1A03,6659,6659,OK
0x15F6,0x160A,5642,5642,OK
0x15F7,0x1C0F,7183,7183,OK
0x15F8,0x009D,157,157,OK
0x15F9,0x1A03,6659,6659,OK
0x15FA,0x160A,5642,5642,OK
0x15FB,0x1C09,7177,7177,OK
0x15FC,0x0091,145,145,OK
0x15FD,0x1A03,6659,6659,OK
0x15FE,0x0069,105,105,OK
0x15FF,0x1A03,6659,6659,OK
0x1600,0x160A,5642,5642,OK
0x1601,0x1C0F,7183,7183,OK
0x1602,0x009D,157,157,OK
0x1603,0x1A03,6659,6659,OK
0x1604,0x160A,5642,5642,OK
0x1605,0x1C09,7177,7177,OK
0x1606,0x0091,145,145,OK
0x1607,0x1A03,6659,6659,OK
0x1608,0x0069,105,105,OK
0x1609,0x1A03,6659,6659,OK
0x160A,0x160A,5642,5642,OK
0x160B,0x1C0F,7183,7183,OK
0x160C,0x009D,157,157,OK
0x160D,0x1A03,6659,6659,OK
0x160E,0x160A,5642,5642,OK
0x160F,0x1C09,7177,7177,OK
0x1610,0x0091,145,145,OK
0x1611,0x1A03,6659,6659,OK
0x1612,0x0069,105,105,OK
0x1613,0x1A03,6659,6659,OK
0x1614,0x160A,5642,5642,OK
0x1615,0x1C0F,7183,7183,OK
0x1616,0x009D,157,157,OK
0x1617,0x1A03,6659,6659,OK
0x1618,0x160A,5642,5642,OK
0x1619,0x1C09,7177,7177,OK
0x161A,0x0091,145,145,OK
0x161B,0x1A03,6659,6659,OK
0x161C,0x0069,105,105,OK
0x161D,0x1A03,6659,6659,OK
0x161E,0x160A,5642,5642,OK
0x161F,0x1C0F,7183,7183,OK
0x1620,0x009D,157,157,OK
0x1621,0x1A03,6659,6659,OK
0x1622,0x160A,5642,5642,OK
0x1623,0x1C09,7177,7177,OK
0x1624,0x0091,145,145,OK
0x1625,0x1A03,6659,6659,OK
0x1626,0x0069,105,105,OK
0x1627,0x1A03,6659,6659,OK
0x1628,0x160A,5642,5642,OK
0x1629,0x1C0F,7183,7183,OK
0x162A,0x009D,157,157,OK
0x162B,0x1A03,6659,6659,OK
0x162C,0x160A,5642,5642,OK
0x162D,0x1C09,7177,7177,OK
0x162E,0x0091,145,145,OK
0x162F,0x1A03,6659,6659,OK
0x1630,0x0069,105,105,OK
0x1631,0x1A03,6659,6659,OK
0x1632,0x160A,5642,5642,OK
0x1633,0x1C0F,7183,7183,OK
0x1634,0x009D,157,157,OK
0x1635,0x1A03,6659,6659,OK
0x1636,0x160A,5642,5642,OK
0x1637,0x1C09,7177,7177,OK
0x1638,0x0091,145,145,OK
0x1639,0x1A03,6659,6659,OK
0x163A,0x0069,105,105,OK
0x163B,0x1A03,6659,6659,OK
0x163C,0x160A,5642,5642,OK
0x163D,0x1C0F,7183,7183,OK
0x163E,0x009D,157,157,OK
0x163F,0x1A03,6659,6659,OK
0x1640,0x160A,5642,5642,OK
0x1641,0x1C09,7177,7177,OK
0x1642,0x0091,145,145,OK
0x1643,0x1A03,6659,6659,OK
0x1644,0x0069,105,105,OK
0x1645,0x1A03,6659,6659,OK
0x1646,0x160A,5642,5642,OK
0x1647,0x1C0F,7183,7183,OK
0x1648,0x009D,157,157,OK
0x1649,0x1A03,6659,6659,OK
0x164A,0x160A,5642,5642,OK
0x164B,0x1C09,7177,7177,OK
0x164C,0x0091,145,145,OK
0x164D,0x1A03,6659,6659,OK
0x164E,0x0069,105,105,OK
0x164F,0x1A03,6659,6659,OK
0x1650,0x160A,5642,5642,OK
0x1651,0x1C0F,7183,7183,OK
0x1652,0x009D,157,157,OK
0x1653,0x1A03,6659,6659,OK
0x1654,0x160A,5642,5642,OK
0x1655,0x1C09,7177,7177,OK
0x1656,0x0091,145,145,OK
0x1657,0x1A03,6659,6659,OK
0x1658,0x0069,105,105,OK
0x1659,0x1A03,6659,6659,OK
0x165A,0x160A,5642,5642,OK
0x165B,0x1C0F,7183,7183,OK
0x165C,0x009D,157,157,OK
0x165D,0x1A03,6659,6659,OK
0x165E,0x160A,5642,5642,OK
0x165F,0x1C09,7177,7177,OK
0x1660,0x0091,145,145,OK
0x1661,0x1A03,6659,6659,OK
